Plus,693
X,693
Box,940
SmallBox,840
Shape,Noise,Result,Correct
Plus,0.0,Plus,1
X,0.0,X,1
Box,0.0,Box,1
SmallBox,0.0,SmallBox,1
Plus,0.0,Plus,1
X,0.0,X,1
Box,0.0,Box,1
SmallBox,0.0,SmallBox,1
Plus,0.0,Plus,1
X,0.0,X,1
Box,0.0,Box,1
SmallBox,0.0,SmallBox,1
Plus,0.0,Plus,1
X,0.0,X,1
Box,0.0,Box,1
SmallBox,0.0,SmallBox,1
Plus,0.0,Plus,1
X,0.0,X,1
Box,0.0,Box,1
SmallBox,0.0,SmallBox,1
Plus,0.0,Plus,1
X,0.0,X,1
Box,0.0,Box,1
SmallBox,0.0,SmallBox,1
Plus,0.0,Plus,1
X,0.0,X,1
Box,0.0,Box,1
SmallBox,0.0,SmallBox,1
Plus,0.0,Plus,1
X,0.0,X,1
Box,0.0,Box,1
SmallBox,0.0,SmallBox,1
Plus,0.0,Plus,1
X,0.0,X,1
Box,0.0,Box,1
SmallBox,0.0,SmallBox,1
Plus,0.0,Plus,1
X,0.0,X,1
Box,0.0,Box,1
SmallBox,0.0,SmallBox,1
Plus,0.0,Plus,1
X,0.0,X,1
Box,0.0,Box,1
SmallBox,0.0,SmallBox,1
Plus,0.0,Plus,1
X,0.0,X,1
Box,0.0,Box,1
SmallBox,0.0,SmallBox,1
Plus,0.0,Plus,1
X,0.0,X,1
Box,0.0,Box,1
SmallBox,0.0,SmallBox,1
Plus,0.0,Plus,1
X,0.0,X,1
Box,0.0,Box,1
SmallBox,0.0,SmallBox,1
Plus,0.0,Plus,1
X,0.0,X,1
Box,0.0,Box,1
SmallBox,0.0,SmallBox,1
Plus,0.0,Plus,1
X,0.0,X,1
Box,0.0,Box,1
SmallBox,0.0,SmallBox,1
Plus,0.0,Plus,1
X,0.0,X,1
Box,0.0,Box,1
SmallBox,0.0,SmallBox,1
Plus,0.0,Plus,1
X,0.0,X,1
Box,0.0,Box,1
SmallBox,0.0,SmallBox,1
Plus,0.0,Plus,1
X,0.0,X,1
Box,0.0,Box,1
SmallBox,0.0,SmallBox,1
Plus,0.0,Plus,1
X,0.0,X,1
Box,0.0,Box,1
SmallBox,0.0,SmallBox,1
Plus,0.0,Plus,1
X,0.0,X,1
Box,0.0,Box,1
SmallBox,0.0,SmallBox,1
Plus,0.0,Plus,1
X,0.0,X,1
Box,0.0,Box,1
SmallBox,0.0,SmallBox,1
Plus,0.0,Plus,1
X,0.0,X,1
Box,0.0,Box,1
SmallBox,0.0,SmallBox,1
Plus,0.0,Plus,1
X,0.0,X,1
Box,0.0,Box,1
SmallBox,0.0,SmallBox,1
Plus,0.0,Plus,1
X,0.0,X,1
Box,0.0,Box,1
SmallBox,0.0,SmallBox,1
Plus,0.0,Plus,1
X,0.0,X,1
Box,0.0,Box,1
SmallBox,0.0,SmallBox,1
Plus,0.0,Plus,1
X,0.0,X,1
Box,0.0,Box,1
SmallBox,0.0,SmallBox,1
Plus,0.0,Plus,1
X,0.0,X,1
Box,0.0,Box,1
SmallBox,0.0,SmallBox,1
Plus,0.0,Plus,1
X,0.0,X,1
Box,0.0,Box,1
SmallBox,0.0,SmallBox,1
Plus,0.0,Plus,1
X,0.0,X,1
Box,0.0,Box,1
SmallBox,0.0,SmallBox,1
Plus,0.0,Plus,1
X,0.0,X,1
Box,0.0,Box,1
SmallBox,0.0,SmallBox,1
Plus,0.0,Plus,1
X,0.0,X,1
Box,0.0,Box,1
SmallBox,0.0,SmallBox,1
Plus,0.0,Plus,1
X,0.0,X,1
Box,0.0,Box,1
SmallBox,0.0,SmallBox,1
Plus,0.0,Plus,1
X,0.0,X,1
Box,0.0,Box,1
SmallBox,0.0,SmallBox,1
Plus,0.0,Plus,1
X,0.0,X,1
Box,0.0,Box,1
SmallBox,0.0,SmallBox,1
Plus,0.0,Plus,1
X,0.0,X,1
Box,0.0,Box,1
SmallBox,0.0,SmallBox,1
Plus,0.0,Plus,1
X,0.0,X,1
Box,0.0,Box,1
SmallBox,0.0,SmallBox,1
Plus,0.0,Plus,1
X,0.0,X,1
Box,0.0,Box,1
SmallBox,0.0,SmallBox,1
Plus,0.0,Plus,1
X,0.0,X,1
Box,0.0,Box,1
SmallBox,0.0,SmallBox,1
Plus,0.0,Plus,1
X,0.0,X,1
Box,0.0,Box,1
SmallBox,0.0,SmallBox,1
Plus,0.0,Plus,1
X,0.0,X,1
Box,0.0,Box,1
SmallBox,0.0,SmallBox,1
Plus,0.0,Plus,1
X,0.0,X,1
Box,0.0,Box,1
SmallBox,0.0,SmallBox,1
Plus,0.0,Plus,1
X,0.0,X,1
Box,0.0,Box,1
SmallBox,0.0,SmallBox,1
Plus,0.0,Plus,1
X,0.0,X,1
Box,0.0,Box,1
SmallBox,0.0,SmallBox,1
Plus,0.0,Plus,1
X,0.0,X,1
Box,0.0,Box,1
SmallBox,0.0,SmallBox,1
Plus,0.0,Plus,1
X,0.0,X,1
Box,0.0,Box,1
SmallBox,0.0,SmallBox,1
Plus,0.0,Plus,1
X,0.0,X,1
Box,0.0,Box,1
SmallBox,0.0,SmallBox,1
Plus,0.0,Plus,1
X,0.0,X,1
Box,0.0,Box,1
SmallBox,0.0,SmallBox,1
Plus,0.0,Plus,1
X,0.0,X,1
Box,0.0,Box,1
SmallBox,0.0,SmallBox,1
Plus,0.0,Plus,1
X,0.0,X,1
Box,0.0,Box,1
SmallBox,0.0,SmallBox,1
Plus,0.0,Plus,1
X,0.0,X,1
Box,0.0,Box,1
SmallBox,0.0,SmallBox,1
Plus,0.0,Plus,1
X,0.0,X,1
Box,0.0,Box,1
SmallBox,0.0,SmallBox,1
Plus,0.0,Plus,1
X,0.0,X,1
Box,0.0,Box,1
SmallBox,0.0,SmallBox,1
Plus,0.0,Plus,1
X,0.0,X,1
Box,0.0,Box,1
SmallBox,0.0,SmallBox,1
Plus,0.0,Plus,1
X,0.0,X,1
Box,0.0,Box,1
SmallBox,0.0,SmallBox,1
Plus,0.0,Plus,1
X,0.0,X,1
Box,0.0,Box,1
SmallBox,0.0,SmallBox,1
Plus,0.0,Plus,1
X,0.0,X,1
Box,0.0,Box,1
SmallBox,0.0,SmallBox,1
Plus,0.0,Plus,1
X,0.0,X,1
Box,0.0,Box,1
SmallBox,0.0,SmallBox,1
Plus,0.0,Plus,1
X,0.0,X,1
Box,0.0,Box,1
SmallBox,0.0,SmallBox,1
Plus,0.0,Plus,1
X,0.0,X,1
Box,0.0,Box,1
SmallBox,0.0,SmallBox,1
Plus,0.0,Plus,1
X,0.0,X,1
Box,0.0,Box,1
SmallBox,0.0,SmallBox,1
Plus,0.0,Plus,1
X,0.0,X,1
Box,0.0,Box,1
SmallBox,0.0,SmallBox,1
Plus,0.0,Plus,1
X,0.0,X,1
Box,0.0,Box,1
SmallBox,0.0,SmallBox,1
Plus,0.0,Plus,1
X,0.0,X,1
Box,0.0,Box,1
SmallBox,0.0,SmallBox,1
Plus,0.0,Plus,1
X,0.0,X,1
Box,0.0,Box,1
SmallBox,0.0,SmallBox,1
Plus,0.0,Plus,1
X,0.0,X,1
Box,0.0,Box,1
SmallBox,0.0,SmallBox,1
Plus,0.0,Plus,1
X,0.0,X,1
Box,0.0,Box,1
SmallBox,0.0,SmallBox,1
Plus,0.0,Plus,1
X,0.0,X,1
Box,0.0,Box,1
SmallBox,0.0,SmallBox,1
Plus,0.0,Plus,1
X,0.0,X,1
Box,0.0,Box,1
SmallBox,0.0,SmallBox,1
Plus,0.0,Plus,1
X,0.0,X,1
Box,0.0,Box,1
SmallBox,0.0,SmallBox,1
Plus,0.0,Plus,1
X,0.0,X,1
Box,0.0,Box,1
SmallBox,0.0,SmallBox,1
Plus,0.0,Plus,1
X,0.0,X,1
Box,0.0,Box,1
SmallBox,0.0,SmallBox,1
Plus,0.0,Plus,1
X,0.0,X,1
Box,0.0,Box,1
SmallBox,0.0,SmallBox,1
Plus,0.0,Plus,1
X,0.0,X,1
Box,0.0,Box,1
SmallBox,0.0,SmallBox,1
Plus,0.0,Plus,1
X,0.0,X,1
Box,0.0,Box,1
SmallBox,0.0,SmallBox,1
Plus,0.0,Plus,1
X,0.0,X,1
Box,0.0,Box,1
SmallBox,0.0,SmallBox,1
Plus,0.0,Plus,1
X,0.0,X,1
Box,0.0,Box,1
SmallBox,0.0,SmallBox,1
Plus,0.0,Plus,1
X,0.0,X,1
Box,0.0,Box,1
SmallBox,0.0,SmallBox,1
Plus,0.0,Plus,1
X,0.0,X,1
Box,0.0,Box,1
SmallBox,0.0,SmallBox,1
Plus,0.0,Plus,1
X,0.0,X,1
Box,0.0,Box,1
SmallBox,0.0,SmallBox,1
Plus,0.0,Plus,1
X,0.0,X,1
Box,0.0,Box,1
SmallBox,0.0,SmallBox,1
Plus,0.0,Plus,1
X,0.0,X,1
Box,0.0,Box,1
SmallBox,0.0,SmallBox,1
Plus,0.0,Plus,1
X,0.0,X,1
Box,0.0,Box,1
SmallBox,0.0,SmallBox,1
Plus,0.0,Plus,1
X,0.0,X,1
Box,0.0,Box,1
SmallBox,0.0,SmallBox,1
Plus,0.0,Plus,1
X,0.0,X,1
Box,0.0,Box,1
SmallBox,0.0,SmallBox,1
Plus,0.0,Plus,1
X,0.0,X,1
Box,0.0,Box,1
SmallBox,0.0,SmallBox,1
Plus,0.0,Plus,1
X,0.0,X,1
Box,0.0,Box,1
SmallBox,0.0,SmallBox,1
Plus,0.0,Plus,1
X,0.0,X,1
Box,0.0,Box,1
SmallBox,0.0,SmallBox,1
Plus,0.0,Plus,1
X,0.0,X,1
Box,0.0,Box,1
SmallBox,0.0,SmallBox,1
Plus,0.0,Plus,1
X,0.0,X,1
Box,0.0,Box,1
SmallBox,0.0,SmallBox,1
Plus,0.0,Plus,1
X,0.0,X,1
Box,0.0,Box,1
SmallBox,0.0,SmallBox,1
Plus,0.0,Plus,1
X,0.0,X,1
Box,0.0,Box,1
SmallBox,0.0,SmallBox,1
Plus,0.0,Plus,1
X,0.0,X,1
Box,0.0,Box,1
SmallBox,0.0,SmallBox,1
Plus,0.0,Plus,1
X,0.0,X,1
Box,0.0,Box,1
SmallBox,0.0,SmallBox,1
Plus,0.0,Plus,1
X,0.0,X,1
Box,0.0,Box,1
SmallBox,0.0,SmallBox,1
Plus,0.0,Plus,1
X,0.0,X,1
Box,0.0,Box,1
SmallBox,0.0,SmallBox,1
Plus,0.0,Plus,1
X,0.0,X,1
Box,0.0,Box,1
SmallBox,0.0,SmallBox,1
Plus,0.0,Plus,1
X,0.0,X,1
Box,0.0,Box,1
SmallBox,0.0,SmallBox,1
Plus,0.0,Plus,1
X,0.0,X,1
Box,0.0,Box,1
SmallBox,0.0,SmallBox,1
Plus,0.0,Plus,1
X,0.0,X,1
Box,0.0,Box,1
SmallBox,0.0,SmallBox,1
Plus,0.05,Plus,1
X,0.05,X,1
Box,0.05,Box,1
SmallBox,0.05,SmallBox,1
Plus,0.05,Plus,1
X,0.05,X,1
Box,0.05,Box,1
SmallBox,0.05,SmallBox,1
Plus,0.05,Plus,1
X,0.05,X,1
Box,0.05,Box,1
SmallBox,0.05,SmallBox,1
Plus,0.05,Plus,1
X,0.05,X,1
Box,0.05,Box,1
SmallBox,0.05,SmallBox,1
Plus,0.05,Plus,1
X,0.05,X,1
Box,0.05,Box,1
SmallBox,0.05,SmallBox,1
Plus,0.05,Plus,1
X,0.05,X,1
Box,0.05,Box,1
SmallBox,0.05,SmallBox,1
Plus,0.05,Plus,1
X,0.05,X,1
Box,0.05,Box,1
SmallBox,0.05,SmallBox,1
Plus,0.05,Plus,1
X,0.05,X,1
Box,0.05,Box,1
SmallBox,0.05,SmallBox,1
Plus,0.05,Plus,1
X,0.05,X,1
Box,0.05,Box,1
SmallBox,0.05,SmallBox,1
Plus,0.05,Plus,1
X,0.05,X,1
Box,0.05,Box,1
SmallBox,0.05,SmallBox,1
Plus,0.05,Plus,1
X,0.05,X,1
Box,0.05,Box,1
SmallBox,0.05,SmallBox,1
Plus,0.05,Plus,1
X,0.05,X,1
Box,0.05,Box,1
SmallBox,0.05,SmallBox,1
Plus,0.05,Plus,1
X,0.05,X,1
Box,0.05,Box,1
SmallBox,0.05,SmallBox,1
Plus,0.05,Plus,1
X,0.05,X,1
Box,0.05,Box,1
SmallBox,0.05,SmallBox,1
Plus,0.05,Plus,1
X,0.05,X,1
Box,0.05,Box,1
SmallBox,0.05,SmallBox,1
Plus,0.05,Plus,1
X,0.05,X,1
Box,0.05,Box,1
SmallBox,0.05,SmallBox,1
Plus,0.05,Plus,1
X,0.05,X,1
Box,0.05,Box,1
SmallBox,0.05,SmallBox,1
Plus,0.05,Plus,1
X,0.05,X,1
Box,0.05,Box,1
SmallBox,0.05,SmallBox,1
Plus,0.05,Plus,1
X,0.05,SmallBox,0
Box,0.05,Box,1
SmallBox,0.05,SmallBox,1
Plus,0.05,Plus,1
X,0.05,X,1
Box,0.05,Box,1
SmallBox,0.05,SmallBox,1
Plus,0.05,Plus,1
X,0.05,X,1
Box,0.05,Box,1
SmallBox,0.05,SmallBox,1
Plus,0.05,Plus,1
X,0.05,X,1
Box,0.05,Box,1
SmallBox,0.05,SmallBox,1
Plus,0.05,Plus,1
X,0.05,X,1
Box,0.05,Box,1
SmallBox,0.05,SmallBox,1
Plus,0.05,Plus,1
X,0.05,X,1
Box,0.05,Box,1
SmallBox,0.05,SmallBox,1
Plus,0.05,Plus,1
X,0.05,X,1
Box,0.05,Box,1
SmallBox,0.05,SmallBox,1
Plus,0.05,Plus,1
X,0.05,X,1
Box,0.05,Box,1
SmallBox,0.05,SmallBox,1
Plus,0.05,Plus,1
X,0.05,X,1
Box,0.05,Box,1
SmallBox,0.05,SmallBox,1
Plus,0.05,Plus,1
X,0.05,X,1
Box,0.05,Box,1
SmallBox,0.05,SmallBox,1
Plus,0.05,Plus,1
X,0.05,SmallBox,0
Box,0.05,Box,1
SmallBox,0.05,SmallBox,1
Plus,0.05,Plus,1
X,0.05,X,1
Box,0.05,Box,1
SmallBox,0.05,SmallBox,1
Plus,0.05,Plus,1
X,0.05,X,1
Box,0.05,Box,1
SmallBox,0.05,SmallBox,1
Plus,0.05,Plus,1
X,0.05,X,1
Box,0.05,Box,1
SmallBox,0.05,SmallBox,1
Plus,0.05,Plus,1
X,0.05,X,1
Box,0.05,Box,1
SmallBox,0.05,SmallBox,1
Plus,0.05,Plus,1
X,0.05,X,1
Box,0.05,Box,1
SmallBox,0.05,SmallBox,1
Plus,0.05,Plus,1
X,0.05,X,1
Box,0.05,Box,1
SmallBox,0.05,SmallBox,1
Plus,0.05,Plus,1
X,0.05,X,1
Box,0.05,Box,1
SmallBox,0.05,SmallBox,1
Plus,0.05,Plus,1
X,0.05,X,1
Box,0.05,Box,1
SmallBox,0.05,SmallBox,1
Plus,0.05,Plus,1
X,0.05,X,1
Box,0.05,Box,1
SmallBox,0.05,SmallBox,1
Plus,0.05,Plus,1
X,0.05,SmallBox,0
Box,0.05,Box,1
SmallBox,0.05,SmallBox,1
Plus,0.05,Plus,1
X,0.05,X,1
Box,0.05,Box,1
SmallBox,0.05,SmallBox,1
Plus,0.05,Plus,1
X,0.05,X,1
Box,0.05,Box,1
SmallBox,0.05,SmallBox,1
Plus,0.05,Plus,1
X,0.05,X,1
Box,0.05,Box,1
SmallBox,0.05,SmallBox,1
Plus,0.05,Plus,1
X,0.05,X,1
Box,0.05,Box,1
SmallBox,0.05,SmallBox,1
Plus,0.05,Plus,1
X,0.05,X,1
Box,0.05,Box,1
SmallBox,0.05,SmallBox,1
Plus,0.05,Plus,1
X,0.05,X,1
Box,0.05,Box,1
SmallBox,0.05,SmallBox,1
Plus,0.05,Plus,1
X,0.05,X,1
Box,0.05,Box,1
SmallBox,0.05,SmallBox,1
Plus,0.05,Plus,1
X,0.05,X,1
Box,0.05,Box,1
SmallBox,0.05,SmallBox,1
Plus,0.05,Plus,1
X,0.05,X,1
Box,0.05,Box,1
SmallBox,0.05,SmallBox,1
Plus,0.05,SmallBox,0
X,0.05,X,1
Box,0.05,Box,1
SmallBox,0.05,SmallBox,1
Plus,0.05,Plus,1
X,0.05,X,1
Box,0.05,Box,1
SmallBox,0.05,SmallBox,1
Plus,0.05,Plus,1
X,0.05,X,1
Box,0.05,Box,1
SmallBox,0.05,SmallBox,1
Plus,0.05,Plus,1
X,0.05,X,1
Box,0.05,Box,1
SmallBox,0.05,SmallBox,1
Plus,0.05,Plus,1
X,0.05,X,1
Box,0.05,Box,1
SmallBox,0.05,SmallBox,1
Plus,0.05,Plus,1
X,0.05,X,1
Box,0.05,Box,1
SmallBox,0.05,SmallBox,1
Plus,0.05,Plus,1
X,0.05,X,1
Box,0.05,Box,1
SmallBox,0.05,SmallBox,1
Plus,0.05,Plus,1
X,0.05,X,1
Box,0.05,Box,1
SmallBox,0.05,SmallBox,1
Plus,0.05,Plus,1
X,0.05,X,1
Box,0.05,Box,1
SmallBox,0.05,SmallBox,1
Plus,0.05,Plus,1
X,0.05,X,1
Box,0.05,Box,1
SmallBox,0.05,SmallBox,1
Plus,0.05,Plus,1
X,0.05,X,1
Box,0.05,Box,1
SmallBox,0.05,SmallBox,1
Plus,0.05,Plus,1
X,0.05,X,1
Box,0.05,Box,1
SmallBox,0.05,SmallBox,1
Plus,0.05,Plus,1
X,0.05,X,1
Box,0.05,Box,1
SmallBox,0.05,SmallBox,1
Plus,0.05,Plus,1
X,0.05,X,1
Box,0.05,Box,1
SmallBox,0.05,SmallBox,1
Plus,0.05,Plus,1
X,0.05,X,1
Box,0.05,Box,1
SmallBox,0.05,SmallBox,1
Plus,0.05,Plus,1
X,0.05,X,1
Box,0.05,Box,1
SmallBox,0.05,SmallBox,1
Plus,0.05,Plus,1
X,0.05,X,1
Box,0.05,Box,1
SmallBox,0.05,SmallBox,1
Plus,0.05,Plus,1
X,0.05,X,1
Box,0.05,Box,1
SmallBox,0.05,SmallBox,1
Plus,0.05,Plus,1
X,0.05,X,1
Box,0.05,Box,1
SmallBox,0.05,SmallBox,1
Plus,0.05,Plus,1
X,0.05,X,1
Box,0.05,Box,1
SmallBox,0.05,SmallBox,1
Plus,0.05,SmallBox,0
X,0.05,SmallBox,0
Box,0.05,Box,1
SmallBox,0.05,SmallBox,1
Plus,0.05,Plus,1
X,0.05,X,1
Box,0.05,Box,1
SmallBox,0.05,SmallBox,1
Plus,0.05,Plus,1
X,0.05,X,1
Box,0.05,Box,1
SmallBox,0.05,SmallBox,1
Plus,0.05,Plus,1
X,0.05,X,1
Box,0.05,Box,1
SmallBox,0.05,SmallBox,1
Plus,0.05,Plus,1
X,0.05,X,1
Box,0.05,Box,1
SmallBox,0.05,SmallBox,1
Plus,0.05,Plus,1
X,0.05,X,1
Box,0.05,Box,1
SmallBox,0.05,SmallBox,1
Plus,0.05,Plus,1
X,0.05,X,1
Box,0.05,Box,1
SmallBox,0.05,SmallBox,1
Plus,0.05,Plus,1
X,0.05,X,1
Box,0.05,Box,1
SmallBox,0.05,SmallBox,1
Plus,0.05,Plus,1
X,0.05,X,1
Box,0.05,Box,1
SmallBox,0.05,SmallBox,1
Plus,0.05,Plus,1
X,0.05,X,1
Box,0.05,Box,1
SmallBox,0.05,SmallBox,1
Plus,0.05,Plus,1
X,0.05,X,1
Box,0.05,Box,1
SmallBox,0.05,SmallBox,1
Plus,0.05,Plus,1
X,0.05,X,1
Box,0.05,Box,1
SmallBox,0.05,SmallBox,1
Plus,0.05,Plus,1
X,0.05,X,1
Box,0.05,Box,1
SmallBox,0.05,SmallBox,1
Plus,0.05,Plus,1
X,0.05,X,1
Box,0.05,Box,1
SmallBox,0.05,SmallBox,1
Plus,0.05,Plus,1
X,0.05,X,1
Box,0.05,Box,1
SmallBox,0.05,SmallBox,1
Plus,0.05,Plus,1
X,0.05,X,1
Box,0.05,Box,1
SmallBox,0.05,SmallBox,1
Plus,0.05,Plus,1
X,0.05,X,1
Box,0.05,Box,1
SmallBox,0.05,SmallBox,1
Plus,0.05,Plus,1
X,0.05,X,1
Box,0.05,Box,1
SmallBox,0.05,SmallBox,1
Plus,0.05,Plus,1
X,0.05,X,1
Box,0.05,Box,1
SmallBox,0.05,SmallBox,1
Plus,0.05,Plus,1
X,0.05,X,1
Box,0.05,Box,1
SmallBox,0.05,SmallBox,1
Plus,0.05,Plus,1
X,0.05,X,1
Box,0.05,Box,1
SmallBox,0.05,SmallBox,1
Plus,0.05,Plus,1
X,0.05,X,1
Box,0.05,Box,1
SmallBox,0.05,SmallBox,1
Plus,0.05,Plus,1
X,0.05,X,1
Box,0.05,Box,1
SmallBox,0.05,SmallBox,1
Plus,0.05,Plus,1
X,0.05,X,1
Box,0.05,Box,1
SmallBox,0.05,SmallBox,1
Plus,0.05,Plus,1
X,0.05,X,1
Box,0.05,Box,1
SmallBox,0.05,SmallBox,1
Plus,0.05,Plus,1
X,0.05,X,1
Box,0.05,Box,1
SmallBox,0.05,SmallBox,1
Plus,0.05,Plus,1
X,0.05,X,1
Box,0.05,Box,1
SmallBox,0.05,SmallBox,1
Plus,0.05,Plus,1
X,0.05,X,1
Box,0.05,Box,1
SmallBox,0.05,SmallBox,1
Plus,0.05,Plus,1
X,0.05,X,1
Box,0.05,Box,1
SmallBox,0.05,SmallBox,1
Plus,0.05,SmallBox,0
X,0.05,X,1
Box,0.05,Box,1
SmallBox,0.05,SmallBox,1
Plus,0.05,Plus,1
X,0.05,X,1
Box,0.05,Box,1
SmallBox,0.05,SmallBox,1
Plus,0.05,Plus,1
X,0.05,X,1
Box,0.05,Box,1
SmallBox,0.05,SmallBox,1
Plus,0.1,Plus,1
X,0.1,X,1
Box,0.1,Box,1
SmallBox,0.1,SmallBox,1
Plus,0.1,Plus,1
X,0.1,X,1
Box,0.1,Box,1
SmallBox,0.1,SmallBox,1
Plus,0.1,Plus,1
X,0.1,X,1
Box,0.1,Box,1
SmallBox,0.1,SmallBox,1
Plus,0.1,Plus,1
X,0.1,X,1
Box,0.1,Box,1
SmallBox,0.1,SmallBox,1
Plus,0.1,Plus,1
X,0.1,SmallBox,0
Box,0.1,Box,1
SmallBox,0.1,SmallBox,1
Plus,0.1,Plus,1
X,0.1,X,1
Box,0.1,Box,1
SmallBox,0.1,SmallBox,1
Plus,0.1,Plus,1
X,0.1,X,1
Box,0.1,Box,1
SmallBox,0.1,SmallBox,1
Plus,0.1,Plus,1
X,0.1,X,1
Box,0.1,Box,1
SmallBox,0.1,SmallBox,1
Plus,0.1,Plus,1
X,0.1,X,1
Box,0.1,Box,1
SmallBox,0.1,SmallBox,1
Plus,0.1,Plus,1
X,0.1,X,1
Box,0.1,Box,1
SmallBox,0.1,SmallBox,1
Plus,0.1,Plus,1
X,0.1,X,1
Box,0.1,Box,1
SmallBox,0.1,SmallBox,1
Plus,0.1,Plus,1
X,0.1,X,1
Box,0.1,Box,1
SmallBox,0.1,SmallBox,1
Plus,0.1,SmallBox,0
X,0.1,X,1
Box,0.1,Box,1
SmallBox,0.1,SmallBox,1
Plus,0.1,Plus,1
X,0.1,X,1
Box,0.1,Box,1
SmallBox,0.1,SmallBox,1
Plus,0.1,Plus,1
X,0.1,SmallBox,0
Box,0.1,Box,1
SmallBox,0.1,SmallBox,1
Plus,0.1,Plus,1
X,0.1,X,1
Box,0.1,Box,1
SmallBox,0.1,SmallBox,1
Plus,0.1,Plus,1
X,0.1,X,1
Box,0.1,Box,1
SmallBox,0.1,SmallBox,1
Plus,0.1,Plus,1
X,0.1,X,1
Box,0.1,Box,1
SmallBox,0.1,SmallBox,1
Plus,0.1,Plus,1
X,0.1,X,1
Box,0.1,Box,1
SmallBox,0.1,SmallBox,1
Plus,0.1,Plus,1
X,0.1,X,1
Box,0.1,Box,1
SmallBox,0.1,SmallBox,1
Plus,0.1,Plus,1
X,0.1,SmallBox,0
Box,0.1,Box,1
SmallBox,0.1,SmallBox,1
Plus,0.1,Plus,1
X,0.1,X,1
Box,0.1,Box,1
SmallBox,0.1,SmallBox,1
Plus,0.1,Plus,1
X,0.1,X,1
Box,0.1,Box,1
SmallBox,0.1,SmallBox,1
Plus,0.1,Plus,1
X,0.1,X,1
Box,0.1,Box,1
SmallBox,0.1,SmallBox,1
Plus,0.1,Plus,1
X,0.1,X,1
Box,0.1,Box,1
SmallBox,0.1,SmallBox,1
Plus,0.1,SmallBox,0
X,0.1,X,1
Box,0.1,Box,1
SmallBox,0.1,SmallBox,1
Plus,0.1,Plus,1
X,0.1,X,1
Box,0.1,Box,1
SmallBox,0.1,SmallBox,1
Plus,0.1,Plus,1
X,0.1,X,1
Box,0.1,Box,1
SmallBox,0.1,SmallBox,1
Plus,0.1,Plus,1
X,0.1,X,1
Box,0.1,Box,1
SmallBox,0.1,SmallBox,1
Plus,0.1,Plus,1
X,0.1,X,1
Box,0.1,Box,1
SmallBox,0.1,SmallBox,1
Plus,0.1,Plus,1
X,0.1,X,1
Box,0.1,Box,1
SmallBox,0.1,SmallBox,1
Plus,0.1,Plus,1
X,0.1,X,1
Box,0.1,Box,1
SmallBox,0.1,SmallBox,1
Plus,0.1,Plus,1
X,0.1,X,1
Box,0.1,Box,1
SmallBox,0.1,SmallBox,1
Plus,0.1,Plus,1
X,0.1,SmallBox,0
Box,0.1,Box,1
SmallBox,0.1,SmallBox,1
Plus,0.1,Plus,1
X,0.1,X,1
Box,0.1,Box,1
SmallBox,0.1,SmallBox,1
Plus,0.1,Plus,1
X,0.1,SmallBox,0
Box,0.1,Box,1
SmallBox,0.1,SmallBox,1
Plus,0.1,Plus,1
X,0.1,X,1
Box,0.1,Box,1
SmallBox,0.1,SmallBox,1
Plus,0.1,Plus,1
X,0.1,SmallBox,0
Box,0.1,Box,1
SmallBox,0.1,SmallBox,1
Plus,0.1,Plus,1
X,0.1,X,1
Box,0.1,Box,1
SmallBox,0.1,SmallBox,1
Plus,0.1,Plus,1
X,0.1,SmallBox,0
Box,0.1,Box,1
SmallBox,0.1,SmallBox,1
Plus,0.1,Plus,1
X,0.1,X,1
Box,0.1,Box,1
SmallBox,0.1,SmallBox,1
Plus,0.1,Plus,1
X,0.1,X,1
Box,0.1,Box,1
SmallBox,0.1,SmallBox,1
Plus,0.1,Plus,1
X,0.1,SmallBox,0
Box,0.1,Box,1
SmallBox,0.1,SmallBox,1
Plus,0.1,Plus,1
X,0.1,X,1
Box,0.1,Box,1
SmallBox,0.1,SmallBox,1
Plus,0.1,Plus,1
X,0.1,X,1
Box,0.1,Box,1
SmallBox,0.1,SmallBox,1
Plus,0.1,Plus,1
X,0.1,X,1
Box,0.1,Box,1
SmallBox,0.1,SmallBox,1
Plus,0.1,SmallBox,0
X,0.1,X,1
Box,0.1,Box,1
SmallBox,0.1,SmallBox,1
Plus,0.1,SmallBox,0
X,0.1,X,1
Box,0.1,Box,1
SmallBox,0.1,SmallBox,1
Plus,0.1,SmallBox,0
X,0.1,X,1
Box,0.1,Box,1
SmallBox,0.1,SmallBox,1
Plus,0.1,Plus,1
X,0.1,X,1
Box,0.1,Box,1
SmallBox,0.1,SmallBox,1
Plus,0.1,Plus,1
X,0.1,SmallBox,0
Box,0.1,Box,1
SmallBox,0.1,SmallBox,1
Plus,0.1,SmallBox,0
X,0.1,X,1
Box,0.1,Box,1
SmallBox,0.1,SmallBox,1
Plus,0.1,Plus,1
X,0.1,X,1
Box,0.1,Box,1
SmallBox,0.1,SmallBox,1
Plus,0.1,Plus,1
X,0.1,X,1
Box,0.1,Box,1
SmallBox,0.1,SmallBox,1
Plus,0.1,Plus,1
X,0.1,X,1
Box,0.1,Box,1
SmallBox,0.1,SmallBox,1
Plus,0.1,Plus,1
X,0.1,X,1
Box,0.1,Box,1
SmallBox,0.1,SmallBox,1
Plus,0.1,SmallBox,0
X,0.1,X,1
Box,0.1,Box,1
SmallBox,0.1,SmallBox,1
Plus,0.1,Plus,1
X,0.1,SmallBox,0
Box,0.1,Box,1
SmallBox,0.1,SmallBox,1
Plus,0.1,Plus,1
X,0.1,X,1
Box,0.1,Box,1
SmallBox,0.1,SmallBox,1
Plus,0.1,Plus,1
X,0.1,X,1
Box,0.1,Box,1
SmallBox,0.1,SmallBox,1
Plus,0.1,Plus,1
X,0.1,X,1
Box,0.1,Box,1
SmallBox,0.1,SmallBox,1
Plus,0.1,Plus,1
X,0.1,SmallBox,0
Box,0.1,Box,1
SmallBox,0.1,SmallBox,1
Plus,0.1,Plus,1
X,0.1,X,1
Box,0.1,Box,1
SmallBox,0.1,SmallBox,1
Plus,0.1,Plus,1
X,0.1,X,1
Box,0.1,Box,1
SmallBox,0.1,SmallBox,1
Plus,0.1,Plus,1
X,0.1,X,1
Box,0.1,Box,1
SmallBox,0.1,SmallBox,1
Plus,0.1,Plus,1
X,0.1,X,1
Box,0.1,Box,1
SmallBox,0.1,SmallBox,1
Plus,0.1,Box,0
X,0.1,X,1
Box,0.1,Box,1
SmallBox,0.1,SmallBox,1
Plus,0.1,Plus,1
X,0.1,X,1
Box,0.1,Box,1
SmallBox,0.1,SmallBox,1
Plus,0.1,Plus,1
X,0.1,X,1
Box,0.1,Box,1
SmallBox,0.1,SmallBox,1
Plus,0.1,Plus,1
X,0.1,X,1
Box,0.1,Box,1
SmallBox,0.1,SmallBox,1
Plus,0.1,Plus,1
X,0.1,X,1
Box,0.1,Box,1
SmallBox,0.1,SmallBox,1
Plus,0.1,Plus,1
X,0.1,X,1
Box,0.1,Box,1
SmallBox,0.1,SmallBox,1
Plus,0.1,Plus,1
X,0.1,X,1
Box,0.1,Box,1
SmallBox,0.1,SmallBox,1
Plus,0.1,Plus,1
X,0.1,X,1
Box,0.1,Box,1
SmallBox,0.1,SmallBox,1
Plus,0.1,Plus,1
X,0.1,X,1
Box,0.1,Box,1
SmallBox,0.1,SmallBox,1
Plus,0.1,Plus,1
X,0.1,X,1
Box,0.1,Box,1
SmallBox,0.1,SmallBox,1
Plus,0.1,Plus,1
X,0.1,X,1
Box,0.1,Box,1
SmallBox,0.1,SmallBox,1
Plus,0.1,Plus,1
X,0.1,X,1
Box,0.1,Box,1
SmallBox,0.1,SmallBox,1
Plus,0.1,Box,0
X,0.1,SmallBox,0
Box,0.1,Box,1
SmallBox,0.1,SmallBox,1
Plus,0.1,Plus,1
X,0.1,X,1
Box,0.1,Box,1
SmallBox,0.1,SmallBox,1
Plus,0.1,Plus,1
X,0.1,X,1
Box,0.1,Box,1
SmallBox,0.1,SmallBox,1
Plus,0.1,Plus,1
X,0.1,X,1
Box,0.1,Box,1
SmallBox,0.1,SmallBox,1
Plus,0.1,Plus,1
X,0.1,X,1
Box,0.1,Box,1
SmallBox,0.1,SmallBox,1
Plus,0.1,Plus,1
X,0.1,X,1
Box,0.1,Box,1
SmallBox,0.1,SmallBox,1
Plus,0.1,Plus,1
X,0.1,X,1
Box,0.1,Box,1
SmallBox,0.1,SmallBox,1
Plus,0.1,Plus,1
X,0.1,X,1
Box,0.1,Box,1
SmallBox,0.1,SmallBox,1
Plus,0.1,Plus,1
X,0.1,X,1
Box,0.1,Box,1
SmallBox,0.1,SmallBox,1
Plus,0.1,Plus,1
X,0.1,SmallBox,0
Box,0.1,Box,1
SmallBox,0.1,SmallBox,1
Plus,0.1,Plus,1
X,0.1,X,1
Box,0.1,Box,1
SmallBox,0.1,SmallBox,1
Plus,0.1,Plus,1
X,0.1,X,1
Box,0.1,Box,1
SmallBox,0.1,SmallBox,1
Plus,0.1,Plus,1
X,0.1,X,1
Box,0.1,Box,1
SmallBox,0.1,SmallBox,1
Plus,0.1,Plus,1
X,0.1,X,1
Box,0.1,Box,1
SmallBox,0.1,SmallBox,1
Plus,0.1,Plus,1
X,0.1,X,1
Box,0.1,Box,1
SmallBox,0.1,SmallBox,1
Plus,0.1,Plus,1
X,0.1,X,1
Box,0.1,Box,1
SmallBox,0.1,SmallBox,1
Plus,0.1,Plus,1
X,0.1,X,1
Box,0.1,Box,1
SmallBox,0.1,SmallBox,1
Plus,0.1,Plus,1
X,0.1,X,1
Box,0.1,Box,1
SmallBox,0.1,SmallBox,1
Plus,0.1,Plus,1
X,0.1,SmallBox,0
Box,0.1,Box,1
SmallBox,0.1,SmallBox,1
Plus,0.1,Plus,1
X,0.1,X,1
Box,0.1,Box,1
SmallBox,0.1,SmallBox,1
Plus,0.1,Plus,1
X,0.1,X,1
Box,0.1,Box,1
SmallBox,0.1,SmallBox,1
Plus,0.1,Plus,1
X,0.1,X,1
Box,0.1,Box,1
SmallBox,0.1,SmallBox,1
Plus,0.15000000000000002,Plus,1
X,0.15000000000000002,X,1
Box,0.15000000000000002,Box,1
SmallBox,0.15000000000000002,SmallBox,1
Plus,0.15000000000000002,Plus,1
X,0.15000000000000002,X,1
Box,0.15000000000000002,Box,1
SmallBox,0.15000000000000002,SmallBox,1
Plus,0.15000000000000002,Plus,1
X,0.15000000000000002,X,1
Box,0.15000000000000002,Box,1
SmallBox,0.15000000000000002,SmallBox,1
Plus,0.15000000000000002,Plus,1
X,0.15000000000000002,X,1
Box,0.15000000000000002,Box,1
SmallBox,0.15000000000000002,SmallBox,1
Plus,0.15000000000000002,Plus,1
X,0.15000000000000002,X,1
Box,0.15000000000000002,Box,1
SmallBox,0.15000000000000002,SmallBox,1
Plus,0.15000000000000002,Plus,1
X,0.15000000000000002,X,1
Box,0.15000000000000002,Box,1
SmallBox,0.15000000000000002,SmallBox,1
Plus,0.15000000000000002,Plus,1
X,0.15000000000000002,X,1
Box,0.15000000000000002,Box,1
SmallBox,0.15000000000000002,SmallBox,1
Plus,0.15000000000000002,Plus,1
X,0.15000000000000002,X,1
Box,0.15000000000000002,Box,1
SmallBox,0.15000000000000002,SmallBox,1
Plus,0.15000000000000002,Plus,1
X,0.15000000000000002,SmallBox,0
Box,0.15000000000000002,Box,1
SmallBox,0.15000000000000002,SmallBox,1
Plus,0.15000000000000002,Plus,1
X,0.15000000000000002,X,1
Box,0.15000000000000002,Box,1
SmallBox,0.15000000000000002,SmallBox,1
Plus,0.15000000000000002,Plus,1
X,0.15000000000000002,X,1
Box,0.15000000000000002,Box,1
SmallBox,0.15000000000000002,Plus,0
Plus,0.15000000000000002,Plus,1
X,0.15000000000000002,X,1
Box,0.15000000000000002,Box,1
SmallBox,0.15000000000000002,SmallBox,1
Plus,0.15000000000000002,Plus,1
X,0.15000000000000002,X,1
Box,0.15000000000000002,Box,1
SmallBox,0.15000000000000002,SmallBox,1
Plus,0.15000000000000002,SmallBox,0
X,0.15000000000000002,X,1
Box,0.15000000000000002,Box,1
SmallBox,0.15000000000000002,SmallBox,1
Plus,0.15000000000000002,Plus,1
X,0.15000000000000002,X,1
Box,0.15000000000000002,Box,1
SmallBox,0.15000000000000002,SmallBox,1
Plus,0.15000000000000002,Plus,1
X,0.15000000000000002,X,1
Box,0.15000000000000002,Box,1
SmallBox,0.15000000000000002,SmallBox,1
Plus,0.15000000000000002,Plus,1
X,0.15000000000000002,X,1
Box,0.15000000000000002,Box,1
SmallBox,0.15000000000000002,X,0
Plus,0.15000000000000002,Plus,1
X,0.15000000000000002,X,1
Box,0.15000000000000002,Box,1
SmallBox,0.15000000000000002,SmallBox,1
Plus,0.15000000000000002,Plus,1
X,0.15000000000000002,X,1
Box,0.15000000000000002,Box,1
SmallBox,0.15000000000000002,SmallBox,1
Plus,0.15000000000000002,Plus,1
X,0.15000000000000002,X,1
Box,0.15000000000000002,Box,1
SmallBox,0.15000000000000002,SmallBox,1
Plus,0.15000000000000002,Plus,1
X,0.15000000000000002,X,1
Box,0.15000000000000002,Box,1
SmallBox,0.15000000000000002,SmallBox,1
Plus,0.15000000000000002,Plus,1
X,0.15000000000000002,X,1
Box,0.15000000000000002,Box,1
SmallBox,0.15000000000000002,SmallBox,1
Plus,0.15000000000000002,Plus,1
X,0.15000000000000002,X,1
Box,0.15000000000000002,Box,1
SmallBox,0.15000000000000002,SmallBox,1
Plus,0.15000000000000002,Plus,1
X,0.15000000000000002,X,1
Box,0.15000000000000002,Box,1
SmallBox,0.15000000000000002,SmallBox,1
Plus,0.15000000000000002,Plus,1
X,0.15000000000000002,X,1
Box,0.15000000000000002,Box,1
SmallBox,0.15000000000000002,SmallBox,1
Plus,0.15000000000000002,Plus,1
X,0.15000000000000002,SmallBox,0
Box,0.15000000000000002,Box,1
SmallBox,0.15000000000000002,SmallBox,1
Plus,0.15000000000000002,Plus,1
X,0.15000000000000002,SmallBox,0
Box,0.15000000000000002,Box,1
SmallBox,0.15000000000000002,SmallBox,1
Plus,0.15000000000000002,Plus,1
X,0.15000000000000002,X,1
Box,0.15000000000000002,Box,1
SmallBox,0.15000000000000002,SmallBox,1
Plus,0.15000000000000002,Plus,1
X,0.15000000000000002,SmallBox,0
Box,0.15000000000000002,Box,1
SmallBox,0.15000000000000002,SmallBox,1
Plus,0.15000000000000002,Plus,1
X,0.15000000000000002,X,1
Box,0.15000000000000002,Box,1
SmallBox,0.15000000000000002,SmallBox,1
Plus,0.15000000000000002,SmallBox,0
X,0.15000000000000002,X,1
Box,0.15000000000000002,Box,1
SmallBox,0.15000000000000002,SmallBox,1
Plus,0.15000000000000002,SmallBox,0
X,0.15000000000000002,X,1
Box,0.15000000000000002,Box,1
SmallBox,0.15000000000000002,SmallBox,1
Plus,0.15000000000000002,Plus,1
X,0.15000000000000002,X,1
Box,0.15000000000000002,Box,1
SmallBox,0.15000000000000002,SmallBox,1
Plus,0.15000000000000002,Plus,1
X,0.15000000000000002,SmallBox,0
Box,0.15000000000000002,Box,1
SmallBox,0.15000000000000002,SmallBox,1
Plus,0.15000000000000002,SmallBox,0
X,0.15000000000000002,X,1
Box,0.15000000000000002,Box,1
SmallBox,0.15000000000000002,SmallBox,1
Plus,0.15000000000000002,Plus,1
X,0.15000000000000002,X,1
Box,0.15000000000000002,Box,1
SmallBox,0.15000000000000002,SmallBox,1
Plus,0.15000000000000002,Plus,1
X,0.15000000000000002,X,1
Box,0.15000000000000002,Box,1
SmallBox,0.15000000000000002,SmallBox,1
Plus,0.15000000000000002,Plus,1
X,0.15000000000000002,Box,0
Box,0.15000000000000002,Box,1
SmallBox,0.15000000000000002,SmallBox,1
Plus,0.15000000000000002,Plus,1
X,0.15000000000000002,X,1
Box,0.15000000000000002,Box,1
SmallBox,0.15000000000000002,SmallBox,1
Plus,0.15000000000000002,Plus,1
X,0.15000000000000002,X,1
Box,0.15000000000000002,Box,1
SmallBox,0.15000000000000002,SmallBox,1
Plus,0.15000000000000002,Plus,1
X,0.15000000000000002,X,1
Box,0.15000000000000002,Box,1
SmallBox,0.15000000000000002,SmallBox,1
Plus,0.15000000000000002,SmallBox,0
X,0.15000000000000002,SmallBox,0
Box,0.15000000000000002,Box,1
SmallBox,0.15000000000000002,SmallBox,1
Plus,0.15000000000000002,Plus,1
X,0.15000000000000002,X,1
Box,0.15000000000000002,Box,1
SmallBox,0.15000000000000002,SmallBox,1
Plus,0.15000000000000002,Plus,1
X,0.15000000000000002,X,1
Box,0.15000000000000002,Box,1
SmallBox,0.15000000000000002,SmallBox,1
Plus,0.15000000000000002,Plus,1
X,0.15000000000000002,SmallBox,0
Box,0.15000000000000002,Box,1
SmallBox,0.15000000000000002,SmallBox,1
Plus,0.15000000000000002,SmallBox,0
X,0.15000000000000002,X,1
Box,0.15000000000000002,Box,1
SmallBox,0.15000000000000002,SmallBox,1
Plus,0.15000000000000002,SmallBox,0
X,0.15000000000000002,X,1
Box,0.15000000000000002,Box,1
SmallBox,0.15000000000000002,SmallBox,1
Plus,0.15000000000000002,Plus,1
X,0.15000000000000002,X,1
Box,0.15000000000000002,Box,1
SmallBox,0.15000000000000002,SmallBox,1
Plus,0.15000000000000002,Plus,1
X,0.15000000000000002,X,1
Box,0.15000000000000002,Box,1
SmallBox,0.15000000000000002,SmallBox,1
Plus,0.15000000000000002,Plus,1
X,0.15000000000000002,X,1
Box,0.15000000000000002,Box,1
SmallBox,0.15000000000000002,SmallBox,1
Plus,0.15000000000000002,Plus,1
X,0.15000000000000002,SmallBox,0
Box,0.15000000000000002,Box,1
SmallBox,0.15000000000000002,SmallBox,1
Plus,0.15000000000000002,Plus,1
X,0.15000000000000002,X,1
Box,0.15000000000000002,Box,1
SmallBox,0.15000000000000002,SmallBox,1
Plus,0.15000000000000002,Plus,1
X,0.15000000000000002,X,1
Box,0.15000000000000002,Box,1
SmallBox,0.15000000000000002,SmallBox,1
Plus,0.15000000000000002,Plus,1
X,0.15000000000000002,X,1
Box,0.15000000000000002,Box,1
SmallBox,0.15000000000000002,SmallBox,1
Plus,0.15000000000000002,Plus,1
X,0.15000000000000002,X,1
Box,0.15000000000000002,Box,1
SmallBox,0.15000000000000002,SmallBox,1
Plus,0.15000000000000002,SmallBox,0
X,0.15000000000000002,X,1
Box,0.15000000000000002,Box,1
SmallBox,0.15000000000000002,SmallBox,1
Plus,0.15000000000000002,Plus,1
X,0.15000000000000002,X,1
Box,0.15000000000000002,Box,1
SmallBox,0.15000000000000002,SmallBox,1
Plus,0.15000000000000002,Plus,1
X,0.15000000000000002,X,1
Box,0.15000000000000002,Box,1
SmallBox,0.15000000000000002,SmallBox,1
Plus,0.15000000000000002,Plus,1
X,0.15000000000000002,X,1
Box,0.15000000000000002,Box,1
SmallBox,0.15000000000000002,SmallBox,1
Plus,0.15000000000000002,Plus,1
X,0.15000000000000002,X,1
Box,0.15000000000000002,Box,1
SmallBox,0.15000000000000002,SmallBox,1
Plus,0.15000000000000002,Plus,1
X,0.15000000000000002,X,1
Box,0.15000000000000002,Box,1
SmallBox,0.15000000000000002,SmallBox,1
Plus,0.15000000000000002,Plus,1
X,0.15000000000000002,X,1
Box,0.15000000000000002,Box,1
SmallBox,0.15000000000000002,SmallBox,1
Plus,0.15000000000000002,Plus,1
X,0.15000000000000002,X,1
Box,0.15000000000000002,Box,1
SmallBox,0.15000000000000002,SmallBox,1
Plus,0.15000000000000002,SmallBox,0
X,0.15000000000000002,X,1
Box,0.15000000000000002,Box,1
SmallBox,0.15000000000000002,SmallBox,1
Plus,0.15000000000000002,Plus,1
X,0.15000000000000002,X,1
Box,0.15000000000000002,Box,1
SmallBox,0.15000000000000002,SmallBox,1
Plus,0.15000000000000002,Plus,1
X,0.15000000000000002,X,1
Box,0.15000000000000002,Box,1
SmallBox,0.15000000000000002,SmallBox,1
Plus,0.15000000000000002,Plus,1
X,0.15000000000000002,X,1
Box,0.15000000000000002,Box,1
SmallBox,0.15000000000000002,SmallBox,1
Plus,0.15000000000000002,Plus,1
X,0.15000000000000002,X,1
Box,0.15000000000000002,Box,1
SmallBox,0.15000000000000002,SmallBox,1
Plus,0.15000000000000002,Plus,1
X,0.15000000000000002,X,1
Box,0.15000000000000002,Box,1
SmallBox,0.15000000000000002,SmallBox,1
Plus,0.15000000000000002,Plus,1
X,0.15000000000000002,X,1
Box,0.15000000000000002,Box,1
SmallBox,0.15000000000000002,SmallBox,1
Plus,0.15000000000000002,Plus,1
X,0.15000000000000002,X,1
Box,0.15000000000000002,Box,1
SmallBox,0.15000000000000002,SmallBox,1
Plus,0.15000000000000002,Plus,1
X,0.15000000000000002,X,1
Box,0.15000000000000002,Box,1
SmallBox,0.15000000000000002,SmallBox,1
Plus,0.15000000000000002,Plus,1
X,0.15000000000000002,SmallBox,0
Box,0.15000000000000002,Box,1
SmallBox,0.15000000000000002,SmallBox,1
Plus,0.15000000000000002,Plus,1
X,0.15000000000000002,X,1
Box,0.15000000000000002,Box,1
SmallBox,0.15000000000000002,SmallBox,1
Plus,0.15000000000000002,Plus,1
X,0.15000000000000002,X,1
Box,0.15000000000000002,Box,1
SmallBox,0.15000000000000002,SmallBox,1
Plus,0.15000000000000002,Plus,1
X,0.15000000000000002,X,1
Box,0.15000000000000002,Box,1
SmallBox,0.15000000000000002,SmallBox,1
Plus,0.15000000000000002,Plus,1
X,0.15000000000000002,X,1
Box,0.15000000000000002,Box,1
SmallBox,0.15000000000000002,SmallBox,1
Plus,0.15000000000000002,Plus,1
X,0.15000000000000002,SmallBox,0
Box,0.15000000000000002,Box,1
SmallBox,0.15000000000000002,SmallBox,1
Plus,0.15000000000000002,SmallBox,0
X,0.15000000000000002,X,1
Box,0.15000000000000002,Box,1
SmallBox,0.15000000000000002,SmallBox,1
Plus,0.15000000000000002,Plus,1
X,0.15000000000000002,X,1
Box,0.15000000000000002,Box,1
SmallBox,0.15000000000000002,SmallBox,1
Plus,0.15000000000000002,Plus,1
X,0.15000000000000002,X,1
Box,0.15000000000000002,Box,1
SmallBox,0.15000000000000002,SmallBox,1
Plus,0.15000000000000002,Plus,1
X,0.15000000000000002,X,1
Box,0.15000000000000002,Box,1
SmallBox,0.15000000000000002,SmallBox,1
Plus,0.15000000000000002,Plus,1
X,0.15000000000000002,X,1
Box,0.15000000000000002,Box,1
SmallBox,0.15000000000000002,SmallBox,1
Plus,0.15000000000000002,SmallBox,0
X,0.15000000000000002,X,1
Box,0.15000000000000002,Box,1
SmallBox,0.15000000000000002,SmallBox,1
Plus,0.15000000000000002,SmallBox,0
X,0.15000000000000002,X,1
Box,0.15000000000000002,Box,1
SmallBox,0.15000000000000002,SmallBox,1
Plus,0.15000000000000002,Plus,1
X,0.15000000000000002,X,1
Box,0.15000000000000002,Box,1
SmallBox,0.15000000000000002,SmallBox,1
Plus,0.15000000000000002,SmallBox,0
X,0.15000000000000002,X,1
Box,0.15000000000000002,Box,1
SmallBox,0.15000000000000002,SmallBox,1
Plus,0.15000000000000002,Plus,1
X,0.15000000000000002,X,1
Box,0.15000000000000002,Box,1
SmallBox,0.15000000000000002,SmallBox,1
Plus,0.15000000000000002,Plus,1
X,0.15000000000000002,X,1
Box,0.15000000000000002,Box,1
SmallBox,0.15000000000000002,SmallBox,1
Plus,0.15000000000000002,Plus,1
X,0.15000000000000002,X,1
Box,0.15000000000000002,Box,1
SmallBox,0.15000000000000002,SmallBox,1
Plus,0.15000000000000002,Plus,1
X,0.15000000000000002,SmallBox,0
Box,0.15000000000000002,Box,1
SmallBox,0.15000000000000002,SmallBox,1
Plus,0.15000000000000002,Plus,1
X,0.15000000000000002,X,1
Box,0.15000000000000002,Box,1
SmallBox,0.15000000000000002,SmallBox,1
Plus,0.15000000000000002,Plus,1
X,0.15000000000000002,X,1
Box,0.15000000000000002,Box,1
SmallBox,0.15000000000000002,SmallBox,1
Plus,0.15000000000000002,Plus,1
X,0.15000000000000002,X,1
Box,0.15000000000000002,Box,1
SmallBox,0.15000000000000002,SmallBox,1
Plus,0.15000000000000002,Plus,1
X,0.15000000000000002,X,1
Box,0.15000000000000002,Box,1
SmallBox,0.15000000000000002,SmallBox,1
Plus,0.15000000000000002,SmallBox,0
X,0.15000000000000002,X,1
Box,0.15000000000000002,Box,1
SmallBox,0.15000000000000002,SmallBox,1
Plus,0.15000000000000002,Plus,1
X,0.15000000000000002,X,1
Box,0.15000000000000002,Box,1
SmallBox,0.15000000000000002,SmallBox,1
Plus,0.15000000000000002,Plus,1
X,0.15000000000000002,X,1
Box,0.15000000000000002,Box,1
SmallBox,0.15000000000000002,SmallBox,1
Plus,0.15000000000000002,Plus,1
X,0.15000000000000002,X,1
Box,0.15000000000000002,Box,1
SmallBox,0.15000000000000002,SmallBox,1
Plus,0.15000000000000002,Plus,1
X,0.15000000000000002,X,1
Box,0.15000000000000002,Box,1
SmallBox,0.15000000000000002,SmallBox,1
Plus,0.2,SmallBox,0
X,0.2,X,1
Box,0.2,Box,1
SmallBox,0.2,SmallBox,1
Plus,0.2,Plus,1
X,0.2,X,1
Box,0.2,Box,1
SmallBox,0.2,SmallBox,1
Plus,0.2,SmallBox,0
X,0.2,Box,0
Box,0.2,Box,1
SmallBox,0.2,SmallBox,1
Plus,0.2,Plus,1
X,0.2,X,1
Box,0.2,Box,1
SmallBox,0.2,SmallBox,1
Plus,0.2,Plus,1
X,0.2,SmallBox,0
Box,0.2,Box,1
SmallBox,0.2,SmallBox,1
Plus,0.2,Plus,1
X,0.2,X,1
Box,0.2,Box,1
SmallBox,0.2,SmallBox,1
Plus,0.2,Plus,1
X,0.2,X,1
Box,0.2,Box,1
SmallBox,0.2,SmallBox,1
Plus,0.2,Plus,1
X,0.2,X,1
Box,0.2,Box,1
SmallBox,0.2,SmallBox,1
Plus,0.2,Plus,1
X,0.2,X,1
Box,0.2,Box,1
SmallBox,0.2,SmallBox,1
Plus,0.2,Plus,1
X,0.2,SmallBox,0
Box,0.2,Box,1
SmallBox,0.2,SmallBox,1
Plus,0.2,Plus,1
X,0.2,X,1
Box,0.2,Box,1
SmallBox,0.2,SmallBox,1
Plus,0.2,Plus,1
X,0.2,X,1
Box,0.2,Box,1
SmallBox,0.2,SmallBox,1
Plus,0.2,SmallBox,0
X,0.2,SmallBox,0
Box,0.2,Box,1
SmallBox,0.2,SmallBox,1
Plus,0.2,Plus,1
X,0.2,X,1
Box,0.2,Box,1
SmallBox,0.2,SmallBox,1
Plus,0.2,Plus,1
X,0.2,X,1
Box,0.2,Box,1
SmallBox,0.2,SmallBox,1
Plus,0.2,Plus,1
X,0.2,X,1
Box,0.2,Box,1
SmallBox,0.2,SmallBox,1
Plus,0.2,SmallBox,0
X,0.2,X,1
Box,0.2,Box,1
SmallBox,0.2,SmallBox,1
Plus,0.2,Plus,1
X,0.2,SmallBox,0
Box,0.2,Box,1
SmallBox,0.2,SmallBox,1
Plus,0.2,SmallBox,0
X,0.2,SmallBox,0
Box,0.2,Box,1
SmallBox,0.2,SmallBox,1
Plus,0.2,SmallBox,0
X,0.2,X,1
Box,0.2,Box,1
SmallBox,0.2,SmallBox,1
Plus,0.2,SmallBox,0
X,0.2,X,1
Box,0.2,Box,1
SmallBox,0.2,SmallBox,1
Plus,0.2,Plus,1
X,0.2,X,1
Box,0.2,Box,1
SmallBox,0.2,SmallBox,1
Plus,0.2,Plus,1
X,0.2,X,1
Box,0.2,Box,1
SmallBox,0.2,SmallBox,1
Plus,0.2,SmallBox,0
X,0.2,X,1
Box,0.2,Box,1
SmallBox,0.2,SmallBox,1
Plus,0.2,Plus,1
X,0.2,SmallBox,0
Box,0.2,Box,1
SmallBox,0.2,SmallBox,1
Plus,0.2,Plus,1
X,0.2,X,1
Box,0.2,Box,1
SmallBox,0.2,SmallBox,1
Plus,0.2,SmallBox,0
X,0.2,X,1
Box,0.2,Box,1
SmallBox,0.2,SmallBox,1
Plus,0.2,Plus,1
X,0.2,X,1
Box,0.2,Box,1
SmallBox,0.2,SmallBox,1
Plus,0.2,Plus,1
X,0.2,SmallBox,0
Box,0.2,Box,1
SmallBox,0.2,SmallBox,1
Plus,0.2,Plus,1
X,0.2,X,1
Box,0.2,Box,1
SmallBox,0.2,SmallBox,1
Plus,0.2,Plus,1
X,0.2,X,1
Box,0.2,Box,1
SmallBox,0.2,SmallBox,1
Plus,0.2,Plus,1
X,0.2,X,1
Box,0.2,Box,1
SmallBox,0.2,SmallBox,1
Plus,0.2,Plus,1
X,0.2,X,1
Box,0.2,Box,1
SmallBox,0.2,SmallBox,1
Plus,0.2,Plus,1
X,0.2,X,1
Box,0.2,Box,1
SmallBox,0.2,SmallBox,1
Plus,0.2,SmallBox,0
X,0.2,X,1
Box,0.2,Box,1
SmallBox,0.2,SmallBox,1
Plus,0.2,Plus,1
X,0.2,X,1
Box,0.2,Box,1
SmallBox,0.2,SmallBox,1
Plus,0.2,Plus,1
X,0.2,X,1
Box,0.2,Box,1
SmallBox,0.2,SmallBox,1
Plus,0.2,Plus,1
X,0.2,SmallBox,0
Box,0.2,Box,1
SmallBox,0.2,SmallBox,1
Plus,0.2,Plus,1
X,0.2,X,1
Box,0.2,Box,1
SmallBox,0.2,SmallBox,1
Plus,0.2,Plus,1
X,0.2,X,1
Box,0.2,Box,1
SmallBox,0.2,SmallBox,1
Plus,0.2,Plus,1
X,0.2,X,1
Box,0.2,Box,1
SmallBox,0.2,SmallBox,1
Plus,0.2,Plus,1
X,0.2,SmallBox,0
Box,0.2,Box,1
SmallBox,0.2,SmallBox,1
Plus,0.2,SmallBox,0
X,0.2,SmallBox,0
Box,0.2,Box,1
SmallBox,0.2,SmallBox,1
Plus,0.2,Plus,1
X,0.2,X,1
Box,0.2,Box,1
SmallBox,0.2,SmallBox,1
Plus,0.2,Plus,1
X,0.2,X,1
Box,0.2,Box,1
SmallBox,0.2,SmallBox,1
Plus,0.2,Plus,1
X,0.2,X,1
Box,0.2,Box,1
SmallBox,0.2,SmallBox,1
Plus,0.2,Plus,1
X,0.2,X,1
Box,0.2,Box,1
SmallBox,0.2,SmallBox,1
Plus,0.2,Plus,1
X,0.2,X,1
Box,0.2,Box,1
SmallBox,0.2,SmallBox,1
Plus,0.2,Plus,1
X,0.2,X,1
Box,0.2,Box,1
SmallBox,0.2,SmallBox,1
Plus,0.2,SmallBox,0
X,0.2,SmallBox,0
Box,0.2,Box,1
SmallBox,0.2,SmallBox,1
Plus,0.2,Plus,1
X,0.2,X,1
Box,0.2,Box,1
SmallBox,0.2,SmallBox,1
Plus,0.2,Plus,1
X,0.2,X,1
Box,0.2,Box,1
SmallBox,0.2,SmallBox,1
Plus,0.2,SmallBox,0
X,0.2,X,1
Box,0.2,Box,1
SmallBox,0.2,SmallBox,1
Plus,0.2,Plus,1
X,0.2,X,1
Box,0.2,Box,1
SmallBox,0.2,SmallBox,1
Plus,0.2,Plus,1
X,0.2,SmallBox,0
Box,0.2,Box,1
SmallBox,0.2,SmallBox,1
Plus,0.2,SmallBox,0
X,0.2,SmallBox,0
Box,0.2,Box,1
SmallBox,0.2,SmallBox,1
Plus,0.2,SmallBox,0
X,0.2,X,1
Box,0.2,Box,1
SmallBox,0.2,SmallBox,1
Plus,0.2,Plus,1
X,0.2,SmallBox,0
Box,0.2,X,0
SmallBox,0.2,SmallBox,1
Plus,0.2,SmallBox,0
X,0.2,SmallBox,0
Box,0.2,Box,1
SmallBox,0.2,SmallBox,1
Plus,0.2,Plus,1
X,0.2,X,1
Box,0.2,Box,1
SmallBox,0.2,SmallBox,1
Plus,0.2,Plus,1
X,0.2,X,1
Box,0.2,Box,1
SmallBox,0.2,SmallBox,1
Plus,0.2,SmallBox,0
X,0.2,SmallBox,0
Box,0.2,Box,1
SmallBox,0.2,SmallBox,1
Plus,0.2,Plus,1
X,0.2,X,1
Box,0.2,Box,1
SmallBox,0.2,SmallBox,1
Plus,0.2,Plus,1
X,0.2,X,1
Box,0.2,Box,1
SmallBox,0.2,SmallBox,1
Plus,0.2,Plus,1
X,0.2,X,1
Box,0.2,Box,1
SmallBox,0.2,SmallBox,1
Plus,0.2,Plus,1
X,0.2,X,1
Box,0.2,Box,1
SmallBox,0.2,SmallBox,1
Plus,0.2,Plus,1
X,0.2,X,1
Box,0.2,Box,1
SmallBox,0.2,SmallBox,1
Plus,0.2,Plus,1
X,0.2,X,1
Box,0.2,Box,1
SmallBox,0.2,SmallBox,1
Plus,0.2,Plus,1
X,0.2,SmallBox,0
Box,0.2,Box,1
SmallBox,0.2,SmallBox,1
Plus,0.2,Plus,1
X,0.2,X,1
Box,0.2,Box,1
SmallBox,0.2,SmallBox,1
Plus,0.2,Plus,1
X,0.2,X,1
Box,0.2,Box,1
SmallBox,0.2,SmallBox,1
Plus,0.2,SmallBox,0
X,0.2,X,1
Box,0.2,Box,1
SmallBox,0.2,SmallBox,1
Plus,0.2,Plus,1
X,0.2,X,1
Box,0.2,Box,1
SmallBox,0.2,SmallBox,1
Plus,0.2,Plus,1
X,0.2,SmallBox,0
Box,0.2,Box,1
SmallBox,0.2,SmallBox,1
Plus,0.2,SmallBox,0
X,0.2,X,1
Box,0.2,Box,1
SmallBox,0.2,SmallBox,1
Plus,0.2,Plus,1
X,0.2,X,1
Box,0.2,Box,1
SmallBox,0.2,SmallBox,1
Plus,0.2,Plus,1
X,0.2,X,1
Box,0.2,Box,1
SmallBox,0.2,SmallBox,1
Plus,0.2,Plus,1
X,0.2,X,1
Box,0.2,Box,1
SmallBox,0.2,SmallBox,1
Plus,0.2,SmallBox,0
X,0.2,X,1
Box,0.2,Box,1
SmallBox,0.2,SmallBox,1
Plus,0.2,Plus,1
X,0.2,X,1
Box,0.2,Box,1
SmallBox,0.2,SmallBox,1
Plus,0.2,Plus,1
X,0.2,X,1
Box,0.2,Box,1
SmallBox,0.2,SmallBox,1
Plus,0.2,Plus,1
X,0.2,X,1
Box,0.2,Box,1
SmallBox,0.2,SmallBox,1
Plus,0.2,Plus,1
X,0.2,X,1
Box,0.2,Box,1
SmallBox,0.2,SmallBox,1
Plus,0.2,SmallBox,0
X,0.2,X,1
Box,0.2,Box,1
SmallBox,0.2,SmallBox,1
Plus,0.2,Plus,1
X,0.2,X,1
Box,0.2,Box,1
SmallBox,0.2,SmallBox,1
Plus,0.2,SmallBox,0
X,0.2,X,1
Box,0.2,Box,1
SmallBox,0.2,Box,0
Plus,0.2,SmallBox,0
X,0.2,X,1
Box,0.2,Box,1
SmallBox,0.2,SmallBox,1
Plus,0.2,Plus,1
X,0.2,X,1
Box,0.2,Box,1
SmallBox,0.2,SmallBox,1
Plus,0.2,Plus,1
X,0.2,X,1
Box,0.2,Box,1
SmallBox,0.2,SmallBox,1
Plus,0.2,Plus,1
X,0.2,X,1
Box,0.2,Box,1
SmallBox,0.2,SmallBox,1
Plus,0.2,Plus,1
X,0.2,X,1
Box,0.2,Box,1
SmallBox,0.2,SmallBox,1
Plus,0.2,Plus,1
X,0.2,X,1
Box,0.2,Box,1
SmallBox,0.2,SmallBox,1
Plus,0.2,SmallBox,0
X,0.2,X,1
Box,0.2,Box,1
SmallBox,0.2,SmallBox,1
Plus,0.2,Plus,1
X,0.2,X,1
Box,0.2,Box,1
SmallBox,0.2,SmallBox,1
Plus,0.2,Plus,1
X,0.2,X,1
Box,0.2,Box,1
SmallBox,0.2,SmallBox,1
Plus,0.2,Plus,1
X,0.2,X,1
Box,0.2,Box,1
SmallBox,0.2,SmallBox,1
Plus,0.2,Plus,1
X,0.2,X,1
Box,0.2,Box,1
SmallBox,0.2,SmallBox,1
Plus,0.2,Plus,1
X,0.2,X,1
Box,0.2,Box,1
SmallBox,0.2,SmallBox,1
Plus,0.2,SmallBox,0
X,0.2,X,1
Box,0.2,Box,1
SmallBox,0.2,SmallBox,1
Plus,0.2,SmallBox,0
X,0.2,SmallBox,0
Box,0.2,Box,1
SmallBox,0.2,SmallBox,1
Plus,0.25,Plus,1
X,0.25,SmallBox,0
Box,0.25,Box,1
SmallBox,0.25,SmallBox,1
Plus,0.25,Plus,1
X,0.25,X,1
Box,0.25,Box,1
SmallBox,0.25,SmallBox,1
Plus,0.25,Plus,1
X,0.25,X,1
Box,0.25,Box,1
SmallBox,0.25,SmallBox,1
Plus,0.25,Plus,1
X,0.25,X,1
Box,0.25,Box,1
SmallBox,0.25,SmallBox,1
Plus,0.25,Plus,1
X,0.25,SmallBox,0
Box,0.25,Box,1
SmallBox,0.25,SmallBox,1
Plus,0.25,SmallBox,0
X,0.25,X,1
Box,0.25,Box,1
SmallBox,0.25,SmallBox,1
Plus,0.25,Plus,1
X,0.25,X,1
Box,0.25,Box,1
SmallBox,0.25,SmallBox,1
Plus,0.25,Plus,1
X,0.25,X,1
Box,0.25,Box,1
SmallBox,0.25,SmallBox,1
Plus,0.25,Plus,1
X,0.25,X,1
Box,0.25,Box,1
SmallBox,0.25,SmallBox,1
Plus,0.25,SmallBox,0
X,0.25,X,1
Box,0.25,Box,1
SmallBox,0.25,Plus,0
Plus,0.25,Plus,1
X,0.25,SmallBox,0
Box,0.25,Box,1
SmallBox,0.25,SmallBox,1
Plus,0.25,Plus,1
X,0.25,X,1
Box,0.25,Box,1
SmallBox,0.25,SmallBox,1
Plus,0.25,Plus,1
X,0.25,Box,0
Box,0.25,Box,1
SmallBox,0.25,SmallBox,1
Plus,0.25,Plus,1
X,0.25,X,1
Box,0.25,Box,1
SmallBox,0.25,SmallBox,1
Plus,0.25,SmallBox,0
X,0.25,X,1
Box,0.25,Box,1
SmallBox,0.25,SmallBox,1
Plus,0.25,Plus,1
X,0.25,X,1
Box,0.25,Box,1
SmallBox,0.25,SmallBox,1
Plus,0.25,Plus,1
X,0.25,X,1
Box,0.25,Box,1
SmallBox,0.25,SmallBox,1
Plus,0.25,SmallBox,0
X,0.25,Box,0
Box,0.25,Box,1
SmallBox,0.25,SmallBox,1
Plus,0.25,Plus,1
X,0.25,X,1
Box,0.25,Box,1
SmallBox,0.25,SmallBox,1
Plus,0.25,Box,0
X,0.25,X,1
Box,0.25,Box,1
SmallBox,0.25,SmallBox,1
Plus,0.25,Plus,1
X,0.25,X,1
Box,0.25,Box,1
SmallBox,0.25,SmallBox,1
Plus,0.25,SmallBox,0
X,0.25,X,1
Box,0.25,Box,1
SmallBox,0.25,SmallBox,1
Plus,0.25,Plus,1
X,0.25,X,1
Box,0.25,Box,1
SmallBox,0.25,SmallBox,1
Plus,0.25,Plus,1
X,0.25,X,1
Box,0.25,Box,1
SmallBox,0.25,SmallBox,1
Plus,0.25,SmallBox,0
X,0.25,X,1
Box,0.25,Box,1
SmallBox,0.25,SmallBox,1
Plus,0.25,Plus,1
X,0.25,X,1
Box,0.25,Box,1
SmallBox,0.25,SmallBox,1
Plus,0.25,Plus,1
X,0.25,SmallBox,0
Box,0.25,Box,1
SmallBox,0.25,SmallBox,1
Plus,0.25,Plus,1
X,0.25,X,1
Box,0.25,Box,1
SmallBox,0.25,SmallBox,1
Plus,0.25,Plus,1
X,0.25,SmallBox,0
Box,0.25,Box,1
SmallBox,0.25,SmallBox,1
Plus,0.25,Plus,1
X,0.25,X,1
Box,0.25,Box,1
SmallBox,0.25,SmallBox,1
Plus,0.25,SmallBox,0
X,0.25,X,1
Box,0.25,Box,1
SmallBox,0.25,SmallBox,1
Plus,0.25,SmallBox,0
X,0.25,X,1
Box,0.25,Box,1
SmallBox,0.25,SmallBox,1
Plus,0.25,SmallBox,0
X,0.25,X,1
Box,0.25,Box,1
SmallBox,0.25,SmallBox,1
Plus,0.25,Plus,1
X,0.25,X,1
Box,0.25,Box,1
SmallBox,0.25,SmallBox,1
Plus,0.25,Plus,1
X,0.25,X,1
Box,0.25,Box,1
SmallBox,0.25,SmallBox,1
Plus,0.25,Plus,1
X,0.25,SmallBox,0
Box,0.25,Box,1
SmallBox,0.25,SmallBox,1
Plus,0.25,Plus,1
X,0.25,X,1
Box,0.25,Box,1
SmallBox,0.25,SmallBox,1
Plus,0.25,Plus,1
X,0.25,X,1
Box,0.25,Box,1
SmallBox,0.25,SmallBox,1
Plus,0.25,Plus,1
X,0.25,X,1
Box,0.25,Box,1
SmallBox,0.25,SmallBox,1
Plus,0.25,Plus,1
X,0.25,X,1
Box,0.25,Box,1
SmallBox,0.25,SmallBox,1
Plus,0.25,Plus,1
X,0.25,X,1
Box,0.25,Box,1
SmallBox,0.25,SmallBox,1
Plus,0.25,Plus,1
X,0.25,X,1
Box,0.25,Box,1
SmallBox,0.25,SmallBox,1
Plus,0.25,Plus,1
X,0.25,X,1
Box,0.25,Box,1
SmallBox,0.25,SmallBox,1
Plus,0.25,Plus,1
X,0.25,X,1
Box,0.25,Box,1
SmallBox,0.25,SmallBox,1
Plus,0.25,SmallBox,0
X,0.25,X,1
Box,0.25,Box,1
SmallBox,0.25,X,0
Plus,0.25,Plus,1
X,0.25,SmallBox,0
Box,0.25,Box,1
SmallBox,0.25,Box,0
Plus,0.25,Plus,1
X,0.25,Box,0
Box,0.25,Box,1
SmallBox,0.25,SmallBox,1
Plus,0.25,SmallBox,0
X,0.25,X,1
Box,0.25,Box,1
SmallBox,0.25,SmallBox,1
Plus,0.25,Plus,1
X,0.25,X,1
Box,0.25,Box,1
SmallBox,0.25,SmallBox,1
Plus,0.25,Plus,1
X,0.25,SmallBox,0
Box,0.25,Box,1
SmallBox,0.25,SmallBox,1
Plus,0.25,Plus,1
X,0.25,Box,0
Box,0.25,Box,1
SmallBox,0.25,SmallBox,1
Plus,0.25,SmallBox,0
X,0.25,X,1
Box,0.25,Box,1
SmallBox,0.25,SmallBox,1
Plus,0.25,Box,0
X,0.25,X,1
Box,0.25,Box,1
SmallBox,0.25,SmallBox,1
Plus,0.25,SmallBox,0
X,0.25,SmallBox,0
Box,0.25,Box,1
SmallBox,0.25,SmallBox,1
Plus,0.25,SmallBox,0
X,0.25,Box,0
Box,0.25,Box,1
SmallBox,0.25,SmallBox,1
Plus,0.25,SmallBox,0
X,0.25,SmallBox,0
Box,0.25,Box,1
SmallBox,0.25,SmallBox,1
Plus,0.25,Plus,1
X,0.25,Box,0
Box,0.25,Box,1
SmallBox,0.25,SmallBox,1
Plus,0.25,SmallBox,0
X,0.25,X,1
Box,0.25,Box,1
SmallBox,0.25,SmallBox,1
Plus,0.25,Plus,1
X,0.25,X,1
Box,0.25,Box,1
SmallBox,0.25,SmallBox,1
Plus,0.25,Plus,1
X,0.25,Box,0
Box,0.25,Box,1
SmallBox,0.25,SmallBox,1
Plus,0.25,Plus,1
X,0.25,X,1
Box,0.25,Box,1
SmallBox,0.25,SmallBox,1
Plus,0.25,Plus,1
X,0.25,X,1
Box,0.25,Box,1
SmallBox,0.25,SmallBox,1
Plus,0.25,Plus,1
X,0.25,X,1
Box,0.25,Box,1
SmallBox,0.25,SmallBox,1
Plus,0.25,Plus,1
X,0.25,X,1
Box,0.25,Box,1
SmallBox,0.25,SmallBox,1
Plus,0.25,SmallBox,0
X,0.25,X,1
Box,0.25,Box,1
SmallBox,0.25,SmallBox,1
Plus,0.25,SmallBox,0
X,0.25,X,1
Box,0.25,Box,1
SmallBox,0.25,SmallBox,1
Plus,0.25,SmallBox,0
X,0.25,X,1
Box,0.25,Box,1
SmallBox,0.25,SmallBox,1
Plus,0.25,Plus,1
X,0.25,X,1
Box,0.25,Box,1
SmallBox,0.25,SmallBox,1
Plus,0.25,Plus,1
X,0.25,X,1
Box,0.25,Box,1
SmallBox,0.25,SmallBox,1
Plus,0.25,Plus,1
X,0.25,SmallBox,0
Box,0.25,Box,1
SmallBox,0.25,SmallBox,1
Plus,0.25,Plus,1
X,0.25,SmallBox,0
Box,0.25,Box,1
SmallBox,0.25,SmallBox,1
Plus,0.25,Plus,1
X,0.25,X,1
Box,0.25,Box,1
SmallBox,0.25,SmallBox,1
Plus,0.25,SmallBox,0
X,0.25,X,1
Box,0.25,Box,1
SmallBox,0.25,SmallBox,1
Plus,0.25,Plus,1
X,0.25,X,1
Box,0.25,Box,1
SmallBox,0.25,SmallBox,1
Plus,0.25,Plus,1
X,0.25,X,1
Box,0.25,Box,1
SmallBox,0.25,SmallBox,1
Plus,0.25,SmallBox,0
X,0.25,X,1
Box,0.25,Box,1
SmallBox,0.25,SmallBox,1
Plus,0.25,SmallBox,0
X,0.25,X,1
Box,0.25,Box,1
SmallBox,0.25,SmallBox,1
Plus,0.25,SmallBox,0
X,0.25,SmallBox,0
Box,0.25,Box,1
SmallBox,0.25,SmallBox,1
Plus,0.25,SmallBox,0
X,0.25,X,1
Box,0.25,Box,1
SmallBox,0.25,SmallBox,1
Plus,0.25,Plus,1
X,0.25,X,1
Box,0.25,Box,1
SmallBox,0.25,SmallBox,1
Plus,0.25,Plus,1
X,0.25,Box,0
Box,0.25,Box,1
SmallBox,0.25,SmallBox,1
Plus,0.25,SmallBox,0
X,0.25,X,1
Box,0.25,Box,1
SmallBox,0.25,SmallBox,1
Plus,0.25,Plus,1
X,0.25,X,1
Box,0.25,Box,1
SmallBox,0.25,SmallBox,1
Plus,0.25,Plus,1
X,0.25,SmallBox,0
Box,0.25,Box,1
SmallBox,0.25,SmallBox,1
Plus,0.25,Plus,1
X,0.25,X,1
Box,0.25,Box,1
SmallBox,0.25,SmallBox,1
Plus,0.25,Plus,1
X,0.25,X,1
Box,0.25,Box,1
SmallBox,0.25,SmallBox,1
Plus,0.25,Plus,1
X,0.25,X,1
Box,0.25,Box,1
SmallBox,0.25,SmallBox,1
Plus,0.25,SmallBox,0
X,0.25,X,1
Box,0.25,Box,1
SmallBox,0.25,SmallBox,1
Plus,0.25,Plus,1
X,0.25,X,1
Box,0.25,Box,1
SmallBox,0.25,SmallBox,1
Plus,0.25,Plus,1
X,0.25,X,1
Box,0.25,Box,1
SmallBox,0.25,SmallBox,1
Plus,0.25,Plus,1
X,0.25,X,1
Box,0.25,Box,1
SmallBox,0.25,SmallBox,1
Plus,0.25,Plus,1
X,0.25,X,1
Box,0.25,Box,1
SmallBox,0.25,SmallBox,1
Plus,0.25,Plus,1
X,0.25,X,1
Box,0.25,Box,1
SmallBox,0.25,SmallBox,1
Plus,0.25,SmallBox,0
X,0.25,Box,0
Box,0.25,Box,1
SmallBox,0.25,SmallBox,1
Plus,0.25,Plus,1
X,0.25,X,1
Box,0.25,Box,1
SmallBox,0.25,SmallBox,1
Plus,0.25,SmallBox,0
X,0.25,X,1
Box,0.25,Box,1
SmallBox,0.25,SmallBox,1
Plus,0.25,Plus,1
X,0.25,SmallBox,0
Box,0.25,Box,1
SmallBox,0.25,SmallBox,1
Plus,0.25,SmallBox,0
X,0.25,X,1
Box,0.25,Box,1
SmallBox,0.25,SmallBox,1
Plus,0.25,Plus,1
X,0.25,X,1
Box,0.25,Box,1
SmallBox,0.25,SmallBox,1
Plus,0.25,SmallBox,0
X,0.25,X,1
Box,0.25,Box,1
SmallBox,0.25,SmallBox,1
Plus,0.3,Plus,1
X,0.3,X,1
Box,0.3,Box,1
SmallBox,0.3,SmallBox,1
Plus,0.3,Plus,1
X,0.3,Plus,0
Box,0.3,Box,1
SmallBox,0.3,SmallBox,1
Plus,0.3,Plus,1
X,0.3,Box,0
Box,0.3,Box,1
SmallBox,0.3,SmallBox,1
Plus,0.3,Plus,1
X,0.3,X,1
Box,0.3,Box,1
SmallBox,0.3,SmallBox,1
Plus,0.3,Box,0
X,0.3,X,1
Box,0.3,Box,1
SmallBox,0.3,SmallBox,1
Plus,0.3,Plus,1
X,0.3,X,1
Box,0.3,Box,1
SmallBox,0.3,SmallBox,1
Plus,0.3,Plus,1
X,0.3,X,1
Box,0.3,Box,1
SmallBox,0.3,SmallBox,1
Plus,0.3,Plus,1
X,0.3,Box,0
Box,0.3,Box,1
SmallBox,0.3,SmallBox,1
Plus,0.3,Plus,1
X,0.3,X,1
Box,0.3,Box,1
SmallBox,0.3,SmallBox,1
Plus,0.3,Plus,1
X,0.3,SmallBox,0
Box,0.3,Box,1
SmallBox,0.3,X,0
Plus,0.3,SmallBox,0
X,0.3,X,1
Box,0.3,Box,1
SmallBox,0.3,X,0
Plus,0.3,Plus,1
X,0.3,X,1
Box,0.3,Box,1
SmallBox,0.3,SmallBox,1
Plus,0.3,Plus,1
X,0.3,X,1
Box,0.3,Box,1
SmallBox,0.3,SmallBox,1
Plus,0.3,Box,0
X,0.3,X,1
Box,0.3,Box,1
SmallBox,0.3,SmallBox,1
Plus,0.3,Plus,1
X,0.3,SmallBox,0
Box,0.3,Box,1
SmallBox,0.3,SmallBox,1
Plus,0.3,Box,0
X,0.3,X,1
Box,0.3,Box,1
SmallBox,0.3,SmallBox,1
Plus,0.3,Box,0
X,0.3,X,1
Box,0.3,Box,1
SmallBox,0.3,SmallBox,1
Plus,0.3,Plus,1
X,0.3,X,1
Box,0.3,Plus,0
SmallBox,0.3,SmallBox,1
Plus,0.3,Plus,1
X,0.3,X,1
Box,0.3,Box,1
SmallBox,0.3,SmallBox,1
Plus,0.3,Plus,1
X,0.3,SmallBox,0
Box,0.3,Box,1
SmallBox,0.3,SmallBox,1
Plus,0.3,SmallBox,0
X,0.3,X,1
Box,0.3,Box,1
SmallBox,0.3,SmallBox,1
Plus,0.3,Plus,1
X,0.3,Box,0
Box,0.3,Box,1
SmallBox,0.3,SmallBox,1
Plus,0.3,Plus,1
X,0.3,X,1
Box,0.3,Box,1
SmallBox,0.3,SmallBox,1
Plus,0.3,SmallBox,0
X,0.3,SmallBox,0
Box,0.3,Box,1
SmallBox,0.3,SmallBox,1
Plus,0.3,Plus,1
X,0.3,X,1
Box,0.3,Box,1
SmallBox,0.3,SmallBox,1
Plus,0.3,SmallBox,0
X,0.3,X,1
Box,0.3,Box,1
SmallBox,0.3,SmallBox,1
Plus,0.3,Plus,1
X,0.3,X,1
Box,0.3,Box,1
SmallBox,0.3,SmallBox,1
Plus,0.3,Box,0
X,0.3,Box,0
Box,0.3,Box,1
SmallBox,0.3,SmallBox,1
Plus,0.3,Plus,1
X,0.3,X,1
Box,0.3,Box,1
SmallBox,0.3,Plus,0
Plus,0.3,SmallBox,0
X,0.3,SmallBox,0
Box,0.3,Box,1
SmallBox,0.3,SmallBox,1
Plus,0.3,Plus,1
X,0.3,X,1
Box,0.3,Box,1
SmallBox,0.3,SmallBox,1
Plus,0.3,SmallBox,0
X,0.3,X,1
Box,0.3,Box,1
SmallBox,0.3,SmallBox,1
Plus,0.3,Plus,1
X,0.3,X,1
Box,0.3,Box,1
SmallBox,0.3,SmallBox,1
Plus,0.3,Plus,1
X,0.3,X,1
Box,0.3,Box,1
SmallBox,0.3,SmallBox,1
Plus,0.3,SmallBox,0
X,0.3,SmallBox,0
Box,0.3,Box,1
SmallBox,0.3,SmallBox,1
Plus,0.3,Plus,1
X,0.3,X,1
Box,0.3,Box,1
SmallBox,0.3,SmallBox,1
Plus,0.3,Plus,1
X,0.3,X,1
Box,0.3,Box,1
SmallBox,0.3,SmallBox,1
Plus,0.3,SmallBox,0
X,0.3,X,1
Box,0.3,Box,1
SmallBox,0.3,SmallBox,1
Plus,0.3,Box,0
X,0.3,X,1
Box,0.3,Box,1
SmallBox,0.3,SmallBox,1
Plus,0.3,Box,0
X,0.3,SmallBox,0
Box,0.3,Box,1
SmallBox,0.3,SmallBox,1
Plus,0.3,SmallBox,0
X,0.3,X,1
Box,0.3,Box,1
SmallBox,0.3,SmallBox,1
Plus,0.3,Plus,1
X,0.3,SmallBox,0
Box,0.3,Box,1
SmallBox,0.3,SmallBox,1
Plus,0.3,SmallBox,0
X,0.3,SmallBox,0
Box,0.3,Box,1
SmallBox,0.3,SmallBox,1
Plus,0.3,Plus,1
X,0.3,X,1
Box,0.3,Box,1
SmallBox,0.3,Plus,0
Plus,0.3,Plus,1
X,0.3,X,1
Box,0.3,Box,1
SmallBox,0.3,SmallBox,1
Plus,0.3,Plus,1
X,0.3,X,1
Box,0.3,Box,1
SmallBox,0.3,SmallBox,1
Plus,0.3,Box,0
X,0.3,SmallBox,0
Box,0.3,Box,1
SmallBox,0.3,SmallBox,1
Plus,0.3,Plus,1
X,0.3,X,1
Box,0.3,Box,1
SmallBox,0.3,SmallBox,1
Plus,0.3,Plus,1
X,0.3,SmallBox,0
Box,0.3,Box,1
SmallBox,0.3,SmallBox,1
Plus,0.3,Plus,1
X,0.3,Box,0
Box,0.3,Box,1
SmallBox,0.3,SmallBox,1
Plus,0.3,Plus,1
X,0.3,X,1
Box,0.3,Plus,0
SmallBox,0.3,SmallBox,1
Plus,0.3,Plus,1
X,0.3,X,1
Box,0.3,Box,1
SmallBox,0.3,SmallBox,1
Plus,0.3,Plus,1
X,0.3,X,1
Box,0.3,Box,1
SmallBox,0.3,SmallBox,1
Plus,0.3,Box,0
X,0.3,X,1
Box,0.3,Box,1
SmallBox,0.3,SmallBox,1
Plus,0.3,Plus,1
X,0.3,X,1
Box,0.3,Box,1
SmallBox,0.3,Plus,0
Plus,0.3,Plus,1
X,0.3,X,1
Box,0.3,Box,1
SmallBox,0.3,SmallBox,1
Plus,0.3,Plus,1
X,0.3,X,1
Box,0.3,Box,1
SmallBox,0.3,SmallBox,1
Plus,0.3,Plus,1
X,0.3,X,1
Box,0.3,Box,1
SmallBox,0.3,SmallBox,1
Plus,0.3,Plus,1
X,0.3,X,1
Box,0.3,Box,1
SmallBox,0.3,SmallBox,1
Plus,0.3,Plus,1
X,0.3,X,1
Box,0.3,Box,1
SmallBox,0.3,SmallBox,1
Plus,0.3,Box,0
X,0.3,SmallBox,0
Box,0.3,Box,1
SmallBox,0.3,SmallBox,1
Plus,0.3,Box,0
X,0.3,X,1
Box,0.3,Box,1
SmallBox,0.3,SmallBox,1
Plus,0.3,Plus,1
X,0.3,X,1
Box,0.3,Box,1
SmallBox,0.3,Plus,0
Plus,0.3,Plus,1
X,0.3,SmallBox,0
Box,0.3,Box,1
SmallBox,0.3,SmallBox,1
Plus,0.3,Plus,1
X,0.3,X,1
Box,0.3,Box,1
SmallBox,0.3,SmallBox,1
Plus,0.3,Plus,1
X,0.3,Box,0
Box,0.3,Box,1
SmallBox,0.3,SmallBox,1
Plus,0.3,Plus,1
X,0.3,X,1
Box,0.3,X,0
SmallBox,0.3,SmallBox,1
Plus,0.3,Plus,1
X,0.3,SmallBox,0
Box,0.3,Box,1
SmallBox,0.3,SmallBox,1
Plus,0.3,SmallBox,0
X,0.3,X,1
Box,0.3,Box,1
SmallBox,0.3,SmallBox,1
Plus,0.3,SmallBox,0
X,0.3,Plus,0
Box,0.3,Box,1
SmallBox,0.3,SmallBox,1
Plus,0.3,Plus,1
X,0.3,SmallBox,0
Box,0.3,Box,1
SmallBox,0.3,SmallBox,1
Plus,0.3,Plus,1
X,0.3,X,1
Box,0.3,Box,1
SmallBox,0.3,Plus,0
Plus,0.3,X,0
X,0.3,X,1
Box,0.3,Box,1
SmallBox,0.3,Plus,0
Plus,0.3,Plus,1
X,0.3,X,1
Box,0.3,Box,1
SmallBox,0.3,SmallBox,1
Plus,0.3,Plus,1
X,0.3,SmallBox,0
Box,0.3,Box,1
SmallBox,0.3,SmallBox,1
Plus,0.3,Plus,1
X,0.3,X,1
Box,0.3,Box,1
SmallBox,0.3,SmallBox,1
Plus,0.3,Plus,1
X,0.3,SmallBox,0
Box,0.3,Box,1
SmallBox,0.3,SmallBox,1
Plus,0.3,Plus,1
X,0.3,X,1
Box,0.3,Box,1
SmallBox,0.3,SmallBox,1
Plus,0.3,Plus,1
X,0.3,X,1
Box,0.3,Box,1
SmallBox,0.3,SmallBox,1
Plus,0.3,Box,0
X,0.3,SmallBox,0
Box,0.3,Box,1
SmallBox,0.3,Plus,0
Plus,0.3,Plus,1
X,0.3,X,1
Box,0.3,Box,1
SmallBox,0.3,SmallBox,1
Plus,0.3,Plus,1
X,0.3,X,1
Box,0.3,Box,1
SmallBox,0.3,Plus,0
Plus,0.3,Plus,1
X,0.3,X,1
Box,0.3,Box,1
SmallBox,0.3,SmallBox,1
Plus,0.3,Box,0
X,0.3,Box,0
Box,0.3,Box,1
SmallBox,0.3,SmallBox,1
Plus,0.3,Plus,1
X,0.3,X,1
Box,0.3,Box,1
SmallBox,0.3,SmallBox,1
Plus,0.3,Box,0
X,0.3,X,1
Box,0.3,Box,1
SmallBox,0.3,SmallBox,1
Plus,0.3,Box,0
X,0.3,X,1
Box,0.3,Box,1
SmallBox,0.3,X,0
Plus,0.3,Plus,1
X,0.3,X,1
Box,0.3,Box,1
SmallBox,0.3,Plus,0
Plus,0.3,Plus,1
X,0.3,SmallBox,0
Box,0.3,Box,1
SmallBox,0.3,X,0
Plus,0.3,Plus,1
X,0.3,X,1
Box,0.3,Box,1
SmallBox,0.3,SmallBox,1
Plus,0.3,Plus,1
X,0.3,X,1
Box,0.3,Plus,0
SmallBox,0.3,SmallBox,1
Plus,0.3,SmallBox,0
X,0.3,X,1
Box,0.3,Box,1
SmallBox,0.3,SmallBox,1
Plus,0.3,Box,0
X,0.3,X,1
Box,0.3,Box,1
SmallBox,0.3,SmallBox,1
Plus,0.3,Plus,1
X,0.3,X,1
Box,0.3,Box,1
SmallBox,0.3,SmallBox,1
Plus,0.3,Plus,1
X,0.3,SmallBox,0
Box,0.3,Box,1
SmallBox,0.3,SmallBox,1
Plus,0.3,Box,0
X,0.3,X,1
Box,0.3,Box,1
SmallBox,0.3,SmallBox,1
Plus,0.3,SmallBox,0
X,0.3,X,1
Box,0.3,Box,1
SmallBox,0.3,X,0
Plus,0.3,Plus,1
X,0.3,SmallBox,0
Box,0.3,Box,1
SmallBox,0.3,SmallBox,1
Plus,0.3,Plus,1
X,0.3,X,1
Box,0.3,Box,1
SmallBox,0.3,SmallBox,1
Plus,0.3,Plus,1
X,0.3,SmallBox,0
Box,0.3,Box,1
SmallBox,0.3,SmallBox,1
Plus,0.35,Plus,1
X,0.35,X,1
Box,0.35,Box,1
SmallBox,0.35,SmallBox,1
Plus,0.35,Box,0
X,0.35,SmallBox,0
Box,0.35,Box,1
SmallBox,0.35,SmallBox,1
Plus,0.35,Plus,1
X,0.35,SmallBox,0
Box,0.35,Box,1
SmallBox,0.35,Box,0
Plus,0.35,Plus,1
X,0.35,X,1
Box,0.35,Plus,0
SmallBox,0.35,X,0
Plus,0.35,Box,0
X,0.35,X,1
Box,0.35,X,0
SmallBox,0.35,SmallBox,1
Plus,0.35,Plus,1
X,0.35,SmallBox,0
Box,0.35,Box,1
SmallBox,0.35,SmallBox,1
Plus,0.35,Plus,1
X,0.35,Box,0
Box,0.35,Box,1
SmallBox,0.35,SmallBox,1
Plus,0.35,Plus,1
X,0.35,X,1
Box,0.35,Box,1
SmallBox,0.35,X,0
Plus,0.35,SmallBox,0
X,0.35,SmallBox,0
Box,0.35,Box,1
SmallBox,0.35,SmallBox,1
Plus,0.35,Plus,1
X,0.35,X,1
Box,0.35,Box,1
SmallBox,0.35,X,0
Plus,0.35,Plus,1
X,0.35,Box,0
Box,0.35,Box,1
SmallBox,0.35,SmallBox,1
Plus,0.35,Plus,1
X,0.35,X,1
Box,0.35,Box,1
SmallBox,0.35,SmallBox,1
Plus,0.35,Box,0
X,0.35,X,1
Box,0.35,Box,1
SmallBox,0.35,Plus,0
Plus,0.35,SmallBox,0
X,0.35,SmallBox,0
Box,0.35,Box,1
SmallBox,0.35,Plus,0
Plus,0.35,Plus,1
X,0.35,X,1
Box,0.35,Box,1
SmallBox,0.35,SmallBox,1
Plus,0.35,Plus,1
X,0.35,Box,0
Box,0.35,Box,1
SmallBox,0.35,SmallBox,1
Plus,0.35,Plus,1
X,0.35,SmallBox,0
Box,0.35,Box,1
SmallBox,0.35,X,0
Plus,0.35,Plus,1
X,0.35,X,1
Box,0.35,Box,1
SmallBox,0.35,Plus,0
Plus,0.35,Box,0
X,0.35,SmallBox,0
Box,0.35,X,0
SmallBox,0.35,Plus,0
Plus,0.35,Plus,1
X,0.35,X,1
Box,0.35,Box,1
SmallBox,0.35,Box,0
Plus,0.35,Box,0
X,0.35,X,1
Box,0.35,Box,1
SmallBox,0.35,X,0
Plus,0.35,Box,0
X,0.35,Box,0
Box,0.35,Box,1
SmallBox,0.35,SmallBox,1
Plus,0.35,Box,0
X,0.35,X,1
Box,0.35,Box,1
SmallBox,0.35,SmallBox,1
Plus,0.35,Box,0
X,0.35,X,1
Box,0.35,Box,1
SmallBox,0.35,SmallBox,1
Plus,0.35,SmallBox,0
X,0.35,X,1
Box,0.35,Box,1
SmallBox,0.35,SmallBox,1
Plus,0.35,Box,0
X,0.35,SmallBox,0
Box,0.35,Box,1
SmallBox,0.35,Plus,0
Plus,0.35,Plus,1
X,0.35,X,1
Box,0.35,Box,1
SmallBox,0.35,SmallBox,1
Plus,0.35,Plus,1
X,0.35,X,1
Box,0.35,Box,1
SmallBox,0.35,X,0
Plus,0.35,Plus,1
X,0.35,SmallBox,0
Box,0.35,Box,1
SmallBox,0.35,Plus,0
Plus,0.35,Plus,1
X,0.35,SmallBox,0
Box,0.35,Box,1
SmallBox,0.35,SmallBox,1
Plus,0.35,SmallBox,0
X,0.35,SmallBox,0
Box,0.35,Box,1
SmallBox,0.35,SmallBox,1
Plus,0.35,Plus,1
X,0.35,X,1
Box,0.35,Box,1
SmallBox,0.35,Box,0
Plus,0.35,SmallBox,0
X,0.35,SmallBox,0
Box,0.35,Box,1
SmallBox,0.35,SmallBox,1
Plus,0.35,Plus,1
X,0.35,X,1
Box,0.35,Box,1
SmallBox,0.35,SmallBox,1
Plus,0.35,Plus,1
X,0.35,X,1
Box,0.35,Box,1
SmallBox,0.35,X,0
Plus,0.35,Box,0
X,0.35,SmallBox,0
Box,0.35,Plus,0
SmallBox,0.35,SmallBox,1
Plus,0.35,SmallBox,0
X,0.35,SmallBox,0
Box,0.35,Box,1
SmallBox,0.35,SmallBox,1
Plus,0.35,Plus,1
X,0.35,X,1
Box,0.35,Box,1
SmallBox,0.35,X,0
Plus,0.35,Plus,1
X,0.35,SmallBox,0
Box,0.35,Box,1
SmallBox,0.35,Box,0
Plus,0.35,SmallBox,0
X,0.35,SmallBox,0
Box,0.35,Box,1
SmallBox,0.35,SmallBox,1
Plus,0.35,Plus,1
X,0.35,X,1
Box,0.35,Box,1
SmallBox,0.35,SmallBox,1
Plus,0.35,Plus,1
X,0.35,SmallBox,0
Box,0.35,Box,1
SmallBox,0.35,Box,0
Plus,0.35,SmallBox,0
X,0.35,X,1
Box,0.35,Box,1
SmallBox,0.35,X,0
Plus,0.35,Plus,1
X,0.35,SmallBox,0
Box,0.35,X,0
SmallBox,0.35,SmallBox,1
Plus,0.35,SmallBox,0
X,0.35,SmallBox,0
Box,0.35,Box,1
SmallBox,0.35,SmallBox,1
Plus,0.35,Plus,1
X,0.35,SmallBox,0
Box,0.35,Box,1
SmallBox,0.35,SmallBox,1
Plus,0.35,SmallBox,0
X,0.35,SmallBox,0
Box,0.35,Box,1
SmallBox,0.35,SmallBox,1
Plus,0.35,Box,0
X,0.35,Box,0
Box,0.35,Box,1
SmallBox,0.35,SmallBox,1
Plus,0.35,Box,0
X,0.35,X,1
Box,0.35,Box,1
SmallBox,0.35,SmallBox,1
Plus,0.35,Box,0
X,0.35,Box,0
Box,0.35,Box,1
SmallBox,0.35,Plus,0
Plus,0.35,SmallBox,0
X,0.35,Box,0
Box,0.35,Box,1
SmallBox,0.35,SmallBox,1
Plus,0.35,X,0
X,0.35,X,1
Box,0.35,Box,1
SmallBox,0.35,SmallBox,1
Plus,0.35,Box,0
X,0.35,SmallBox,0
Box,0.35,Box,1
SmallBox,0.35,SmallBox,1
Plus,0.35,Plus,1
X,0.35,Box,0
Box,0.35,Box,1
SmallBox,0.35,SmallBox,1
Plus,0.35,Plus,1
X,0.35,X,1
Box,0.35,Box,1
SmallBox,0.35,SmallBox,1
Plus,0.35,SmallBox,0
X,0.35,SmallBox,0
Box,0.35,Box,1
SmallBox,0.35,Box,0
Plus,0.35,SmallBox,0
X,0.35,X,1
Box,0.35,Box,1
SmallBox,0.35,X,0
Plus,0.35,Plus,1
X,0.35,Box,0
Box,0.35,Box,1
SmallBox,0.35,Box,0
Plus,0.35,Plus,1
X,0.35,SmallBox,0
Box,0.35,Box,1
SmallBox,0.35,SmallBox,1
Plus,0.35,Box,0
X,0.35,SmallBox,0
Box,0.35,Box,1
SmallBox,0.35,SmallBox,1
Plus,0.35,X,0
X,0.35,SmallBox,0
Box,0.35,Box,1
SmallBox,0.35,SmallBox,1
Plus,0.35,Plus,1
X,0.35,Box,0
Box,0.35,Box,1
SmallBox,0.35,SmallBox,1
Plus,0.35,Plus,1
X,0.35,SmallBox,0
Box,0.35,Box,1
SmallBox,0.35,Box,0
Plus,0.35,X,0
X,0.35,X,1
Box,0.35,Box,1
SmallBox,0.35,SmallBox,1
Plus,0.35,Plus,1
X,0.35,X,1
Box,0.35,Box,1
SmallBox,0.35,SmallBox,1
Plus,0.35,Box,0
X,0.35,X,1
Box,0.35,Box,1
SmallBox,0.35,X,0
Plus,0.35,Plus,1
X,0.35,Box,0
Box,0.35,Plus,0
SmallBox,0.35,SmallBox,1
Plus,0.35,Plus,1
X,0.35,Box,0
Box,0.35,Box,1
SmallBox,0.35,SmallBox,1
Plus,0.35,Plus,1
X,0.35,Box,0
Box,0.35,Plus,0
SmallBox,0.35,Box,0
Plus,0.35,Plus,1
X,0.35,X,1
Box,0.35,Box,1
SmallBox,0.35,SmallBox,1
Plus,0.35,Plus,1
X,0.35,SmallBox,0
Box,0.35,Box,1
SmallBox,0.35,Plus,0
Plus,0.35,Plus,1
X,0.35,SmallBox,0
Box,0.35,Box,1
SmallBox,0.35,SmallBox,1
Plus,0.35,SmallBox,0
X,0.35,X,1
Box,0.35,Box,1
SmallBox,0.35,X,0
Plus,0.35,Plus,1
X,0.35,X,1
Box,0.35,Box,1
SmallBox,0.35,SmallBox,1
Plus,0.35,Plus,1
X,0.35,X,1
Box,0.35,Box,1
SmallBox,0.35,Plus,0
Plus,0.35,Plus,1
X,0.35,Plus,0
Box,0.35,Box,1
SmallBox,0.35,SmallBox,1
Plus,0.35,Plus,1
X,0.35,X,1
Box,0.35,Box,1
SmallBox,0.35,X,0
Plus,0.35,Plus,1
X,0.35,X,1
Box,0.35,Plus,0
SmallBox,0.35,SmallBox,1
Plus,0.35,Plus,1
X,0.35,SmallBox,0
Box,0.35,Box,1
SmallBox,0.35,SmallBox,1
Plus,0.35,Box,0
X,0.35,X,1
Box,0.35,Box,1
SmallBox,0.35,X,0
Plus,0.35,Box,0
X,0.35,SmallBox,0
Box,0.35,Box,1
SmallBox,0.35,SmallBox,1
Plus,0.35,Box,0
X,0.35,Box,0
Box,0.35,Box,1
SmallBox,0.35,SmallBox,1
Plus,0.35,Box,0
X,0.35,X,1
Box,0.35,Box,1
SmallBox,0.35,SmallBox,1
Plus,0.35,Plus,1
X,0.35,SmallBox,0
Box,0.35,Box,1
SmallBox,0.35,X,0
Plus,0.35,Plus,1
X,0.35,Box,0
Box,0.35,Box,1
SmallBox,0.35,SmallBox,1
Plus,0.35,Box,0
X,0.35,SmallBox,0
Box,0.35,Box,1
SmallBox,0.35,SmallBox,1
Plus,0.35,Plus,1
X,0.35,Box,0
Box,0.35,Box,1
SmallBox,0.35,Box,0
Plus,0.35,Box,0
X,0.35,Box,0
Box,0.35,Box,1
SmallBox,0.35,SmallBox,1
Plus,0.35,Plus,1
X,0.35,X,1
Box,0.35,Box,1
SmallBox,0.35,X,0
Plus,0.35,Plus,1
X,0.35,SmallBox,0
Box,0.35,Box,1
SmallBox,0.35,X,0
Plus,0.35,SmallBox,0
X,0.35,X,1
Box,0.35,Box,1
SmallBox,0.35,SmallBox,1
Plus,0.35,Plus,1
X,0.35,SmallBox,0
Box,0.35,Box,1
SmallBox,0.35,SmallBox,1
Plus,0.35,Plus,1
X,0.35,X,1
Box,0.35,Box,1
SmallBox,0.35,SmallBox,1
Plus,0.35,SmallBox,0
X,0.35,SmallBox,0
Box,0.35,Box,1
SmallBox,0.35,Plus,0
Plus,0.35,SmallBox,0
X,0.35,Box,0
Box,0.35,Box,1
SmallBox,0.35,SmallBox,1
Plus,0.35,Plus,1
X,0.35,SmallBox,0
Box,0.35,Box,1
SmallBox,0.35,SmallBox,1
Plus,0.35,Box,0
X,0.35,X,1
Box,0.35,Box,1
SmallBox,0.35,SmallBox,1
Plus,0.35,SmallBox,0
X,0.35,Box,0
Box,0.35,Box,1
SmallBox,0.35,SmallBox,1
Plus,0.35,SmallBox,0
X,0.35,X,1
Box,0.35,Box,1
SmallBox,0.35,SmallBox,1
Plus,0.35,SmallBox,0
X,0.35,SmallBox,0
Box,0.35,Box,1
SmallBox,0.35,X,0
Plus,0.39999999999999997,SmallBox,0
X,0.39999999999999997,X,1
Box,0.39999999999999997,Box,1
SmallBox,0.39999999999999997,SmallBox,1
Plus,0.39999999999999997,SmallBox,0
X,0.39999999999999997,Box,0
Box,0.39999999999999997,Box,1
SmallBox,0.39999999999999997,Plus,0
Plus,0.39999999999999997,Plus,1
X,0.39999999999999997,Box,0
Box,0.39999999999999997,Box,1
SmallBox,0.39999999999999997,Plus,0
Plus,0.39999999999999997,Box,0
X,0.39999999999999997,Plus,0
Box,0.39999999999999997,Box,1
SmallBox,0.39999999999999997,Box,0
Plus,0.39999999999999997,Box,0
X,0.39999999999999997,Plus,0
Box,0.39999999999999997,Box,1
SmallBox,0.39999999999999997,Box,0
Plus,0.39999999999999997,Plus,1
X,0.39999999999999997,SmallBox,0
Box,0.39999999999999997,SmallBox,0
SmallBox,0.39999999999999997,SmallBox,1
Plus,0.39999999999999997,SmallBox,0
X,0.39999999999999997,Plus,0
Box,0.39999999999999997,X,0
SmallBox,0.39999999999999997,SmallBox,1
Plus,0.39999999999999997,SmallBox,0
X,0.39999999999999997,X,1
Box,0.39999999999999997,Box,1
SmallBox,0.39999999999999997,SmallBox,1
Plus,0.39999999999999997,Plus,1
X,0.39999999999999997,Plus,0
Box,0.39999999999999997,Box,1
SmallBox,0.39999999999999997,X,0
Plus,0.39999999999999997,Plus,1
X,0.39999999999999997,Box,0
Box,0.39999999999999997,Box,1
SmallBox,0.39999999999999997,X,0
Plus,0.39999999999999997,Plus,1
X,0.39999999999999997,Box,0
Box,0.39999999999999997,Box,1
SmallBox,0.39999999999999997,Plus,0
Plus,0.39999999999999997,Plus,1
X,0.39999999999999997,X,1
Box,0.39999999999999997,Box,1
SmallBox,0.39999999999999997,Plus,0
Plus,0.39999999999999997,SmallBox,0
X,0.39999999999999997,Box,0
Box,0.39999999999999997,Plus,0
SmallBox,0.39999999999999997,X,0
Plus,0.39999999999999997,Box,0
X,0.39999999999999997,X,1
Box,0.39999999999999997,Box,1
SmallBox,0.39999999999999997,SmallBox,1
Plus,0.39999999999999997,Plus,1
X,0.39999999999999997,X,1
Box,0.39999999999999997,Box,1
SmallBox,0.39999999999999997,SmallBox,1
Plus,0.39999999999999997,Box,0
X,0.39999999999999997,Box,0
Box,0.39999999999999997,Box,1
SmallBox,0.39999999999999997,SmallBox,1
Plus,0.39999999999999997,SmallBox,0
X,0.39999999999999997,Box,0
Box,0.39999999999999997,Box,1
SmallBox,0.39999999999999997,SmallBox,1
Plus,0.39999999999999997,SmallBox,0
X,0.39999999999999997,X,1
Box,0.39999999999999997,Box,1
SmallBox,0.39999999999999997,Plus,0
Plus,0.39999999999999997,Plus,1
X,0.39999999999999997,X,1
Box,0.39999999999999997,Box,1
SmallBox,0.39999999999999997,SmallBox,1
Plus,0.39999999999999997,Plus,1
X,0.39999999999999997,Box,0
Box,0.39999999999999997,Box,1
SmallBox,0.39999999999999997,SmallBox,1
Plus,0.39999999999999997,SmallBox,0
X,0.39999999999999997,Plus,0
Box,0.39999999999999997,Box,1
SmallBox,0.39999999999999997,SmallBox,1
Plus,0.39999999999999997,Plus,1
X,0.39999999999999997,X,1
Box,0.39999999999999997,Plus,0
SmallBox,0.39999999999999997,Plus,0
Plus,0.39999999999999997,Box,0
X,0.39999999999999997,Box,0
Box,0.39999999999999997,Box,1
SmallBox,0.39999999999999997,SmallBox,1
Plus,0.39999999999999997,Plus,1
X,0.39999999999999997,Box,0
Box,0.39999999999999997,Box,1
SmallBox,0.39999999999999997,SmallBox,1
Plus,0.39999999999999997,Plus,1
X,0.39999999999999997,Box,0
Box,0.39999999999999997,Box,1
SmallBox,0.39999999999999997,SmallBox,1
Plus,0.39999999999999997,SmallBox,0
X,0.39999999999999997,X,1
Box,0.39999999999999997,Box,1
SmallBox,0.39999999999999997,SmallBox,1
Plus,0.39999999999999997,Box,0
X,0.39999999999999997,X,1
Box,0.39999999999999997,Box,1
SmallBox,0.39999999999999997,Plus,0
Plus,0.39999999999999997,Plus,1
X,0.39999999999999997,Box,0
Box,0.39999999999999997,Box,1
SmallBox,0.39999999999999997,SmallBox,1
Plus,0.39999999999999997,Box,0
X,0.39999999999999997,Box,0
Box,0.39999999999999997,Box,1
SmallBox,0.39999999999999997,SmallBox,1
Plus,0.39999999999999997,Box,0
X,0.39999999999999997,Box,0
Box,0.39999999999999997,Box,1
SmallBox,0.39999999999999997,SmallBox,1
Plus,0.39999999999999997,SmallBox,0
X,0.39999999999999997,X,1
Box,0.39999999999999997,Box,1
SmallBox,0.39999999999999997,Plus,0
Plus,0.39999999999999997,Box,0
X,0.39999999999999997,Box,0
Box,0.39999999999999997,Box,1
SmallBox,0.39999999999999997,SmallBox,1
Plus,0.39999999999999997,Box,0
X,0.39999999999999997,SmallBox,0
Box,0.39999999999999997,Box,1
SmallBox,0.39999999999999997,SmallBox,1
Plus,0.39999999999999997,SmallBox,0
X,0.39999999999999997,X,1
Box,0.39999999999999997,Box,1
SmallBox,0.39999999999999997,Plus,0
Plus,0.39999999999999997,SmallBox,0
X,0.39999999999999997,SmallBox,0
Box,0.39999999999999997,Box,1
SmallBox,0.39999999999999997,Plus,0
Plus,0.39999999999999997,Box,0
X,0.39999999999999997,X,1
Box,0.39999999999999997,Box,1
SmallBox,0.39999999999999997,X,0
Plus,0.39999999999999997,Box,0
X,0.39999999999999997,X,1
Box,0.39999999999999997,Box,1
SmallBox,0.39999999999999997,SmallBox,1
Plus,0.39999999999999997,Plus,1
X,0.39999999999999997,Plus,0
Box,0.39999999999999997,Box,1
SmallBox,0.39999999999999997,SmallBox,1
Plus,0.39999999999999997,Box,0
X,0.39999999999999997,X,1
Box,0.39999999999999997,Box,1
SmallBox,0.39999999999999997,SmallBox,1
Plus,0.39999999999999997,Plus,1
X,0.39999999999999997,X,1
Box,0.39999999999999997,Box,1
SmallBox,0.39999999999999997,SmallBox,1
Plus,0.39999999999999997,Box,0
X,0.39999999999999997,SmallBox,0
Box,0.39999999999999997,Box,1
SmallBox,0.39999999999999997,Plus,0
Plus,0.39999999999999997,Box,0
X,0.39999999999999997,X,1
Box,0.39999999999999997,Box,1
SmallBox,0.39999999999999997,SmallBox,1
Plus,0.39999999999999997,SmallBox,0
X,0.39999999999999997,SmallBox,0
Box,0.39999999999999997,Box,1
SmallBox,0.39999999999999997,X,0
Plus,0.39999999999999997,Box,0
X,0.39999999999999997,X,1
Box,0.39999999999999997,Box,1
SmallBox,0.39999999999999997,SmallBox,1
Plus,0.39999999999999997,Box,0
X,0.39999999999999997,SmallBox,0
Box,0.39999999999999997,Box,1
SmallBox,0.39999999999999997,SmallBox,1
Plus,0.39999999999999997,Plus,1
X,0.39999999999999997,X,1
Box,0.39999999999999997,Box,1
SmallBox,0.39999999999999997,SmallBox,1
Plus,0.39999999999999997,Box,0
X,0.39999999999999997,X,1
Box,0.39999999999999997,Box,1
SmallBox,0.39999999999999997,SmallBox,1
Plus,0.39999999999999997,Plus,1
X,0.39999999999999997,Box,0
Box,0.39999999999999997,Box,1
SmallBox,0.39999999999999997,Plus,0
Plus,0.39999999999999997,Plus,1
X,0.39999999999999997,X,1
Box,0.39999999999999997,Box,1
SmallBox,0.39999999999999997,SmallBox,1
Plus,0.39999999999999997,SmallBox,0
X,0.39999999999999997,SmallBox,0
Box,0.39999999999999997,Box,1
SmallBox,0.39999999999999997,Plus,0
Plus,0.39999999999999997,SmallBox,0
X,0.39999999999999997,SmallBox,0
Box,0.39999999999999997,Box,1
SmallBox,0.39999999999999997,SmallBox,1
Plus,0.39999999999999997,SmallBox,0
X,0.39999999999999997,SmallBox,0
Box,0.39999999999999997,Box,1
SmallBox,0.39999999999999997,Box,0
Plus,0.39999999999999997,Box,0
X,0.39999999999999997,SmallBox,0
Box,0.39999999999999997,Box,1
SmallBox,0.39999999999999997,SmallBox,1
Plus,0.39999999999999997,SmallBox,0
X,0.39999999999999997,X,1
Box,0.39999999999999997,Plus,0
SmallBox,0.39999999999999997,SmallBox,1
Plus,0.39999999999999997,X,0
X,0.39999999999999997,Box,0
Box,0.39999999999999997,Plus,0
SmallBox,0.39999999999999997,SmallBox,1
Plus,0.39999999999999997,SmallBox,0
X,0.39999999999999997,Plus,0
Box,0.39999999999999997,Box,1
SmallBox,0.39999999999999997,SmallBox,1
Plus,0.39999999999999997,Box,0
X,0.39999999999999997,Plus,0
Box,0.39999999999999997,Box,1
SmallBox,0.39999999999999997,SmallBox,1
Plus,0.39999999999999997,SmallBox,0
X,0.39999999999999997,Box,0
Box,0.39999999999999997,Plus,0
SmallBox,0.39999999999999997,SmallBox,1
Plus,0.39999999999999997,Box,0
X,0.39999999999999997,SmallBox,0
Box,0.39999999999999997,Box,1
SmallBox,0.39999999999999997,Plus,0
Plus,0.39999999999999997,Box,0
X,0.39999999999999997,SmallBox,0
Box,0.39999999999999997,X,0
SmallBox,0.39999999999999997,Box,0
Plus,0.39999999999999997,X,0
X,0.39999999999999997,Box,0
Box,0.39999999999999997,Box,1
SmallBox,0.39999999999999997,SmallBox,1
Plus,0.39999999999999997,SmallBox,0
X,0.39999999999999997,Box,0
Box,0.39999999999999997,Box,1
SmallBox,0.39999999999999997,X,0
Plus,0.39999999999999997,SmallBox,0
X,0.39999999999999997,Box,0
Box,0.39999999999999997,Plus,0
SmallBox,0.39999999999999997,Plus,0
Plus,0.39999999999999997,Box,0
X,0.39999999999999997,SmallBox,0
Box,0.39999999999999997,Plus,0
SmallBox,0.39999999999999997,Box,0
Plus,0.39999999999999997,Plus,1
X,0.39999999999999997,X,1
Box,0.39999999999999997,Box,1
SmallBox,0.39999999999999997,SmallBox,1
Plus,0.39999999999999997,Plus,1
X,0.39999999999999997,X,1
Box,0.39999999999999997,Box,1
SmallBox,0.39999999999999997,SmallBox,1
Plus,0.39999999999999997,Box,0
X,0.39999999999999997,Plus,0
Box,0.39999999999999997,Box,1
SmallBox,0.39999999999999997,Box,0
Plus,0.39999999999999997,Box,0
X,0.39999999999999997,SmallBox,0
Box,0.39999999999999997,X,0
SmallBox,0.39999999999999997,SmallBox,1
Plus,0.39999999999999997,SmallBox,0
X,0.39999999999999997,X,1
Box,0.39999999999999997,Box,1
SmallBox,0.39999999999999997,Plus,0
Plus,0.39999999999999997,Box,0
X,0.39999999999999997,Box,0
Box,0.39999999999999997,Box,1
SmallBox,0.39999999999999997,SmallBox,1
Plus,0.39999999999999997,Plus,1
X,0.39999999999999997,Plus,0
Box,0.39999999999999997,Box,1
SmallBox,0.39999999999999997,SmallBox,1
Plus,0.39999999999999997,SmallBox,0
X,0.39999999999999997,Box,0
Box,0.39999999999999997,Box,1
SmallBox,0.39999999999999997,SmallBox,1
Plus,0.39999999999999997,Box,0
X,0.39999999999999997,Box,0
Box,0.39999999999999997,Box,1
SmallBox,0.39999999999999997,SmallBox,1
Plus,0.39999999999999997,SmallBox,0
X,0.39999999999999997,Box,0
Box,0.39999999999999997,Box,1
SmallBox,0.39999999999999997,SmallBox,1
Plus,0.39999999999999997,Plus,1
X,0.39999999999999997,Box,0
Box,0.39999999999999997,SmallBox,0
SmallBox,0.39999999999999997,Plus,0
Plus,0.39999999999999997,Box,0
X,0.39999999999999997,Box,0
Box,0.39999999999999997,Box,1
SmallBox,0.39999999999999997,SmallBox,1
Plus,0.39999999999999997,Box,0
X,0.39999999999999997,SmallBox,0
Box,0.39999999999999997,Box,1
SmallBox,0.39999999999999997,SmallBox,1
Plus,0.39999999999999997,Plus,1
X,0.39999999999999997,Box,0
Box,0.39999999999999997,Box,1
SmallBox,0.39999999999999997,SmallBox,1
Plus,0.39999999999999997,Box,0
X,0.39999999999999997,SmallBox,0
Box,0.39999999999999997,Box,1
SmallBox,0.39999999999999997,X,0
Plus,0.39999999999999997,Plus,1
X,0.39999999999999997,Box,0
Box,0.39999999999999997,Plus,0
SmallBox,0.39999999999999997,X,0
Plus,0.39999999999999997,Plus,1
X,0.39999999999999997,Box,0
Box,0.39999999999999997,Box,1
SmallBox,0.39999999999999997,X,0
Plus,0.39999999999999997,SmallBox,0
X,0.39999999999999997,X,1
Box,0.39999999999999997,Box,1
SmallBox,0.39999999999999997,Plus,0
Plus,0.39999999999999997,Box,0
X,0.39999999999999997,Box,0
Box,0.39999999999999997,Box,1
SmallBox,0.39999999999999997,SmallBox,1
Plus,0.39999999999999997,Box,0
X,0.39999999999999997,X,1
Box,0.39999999999999997,Box,1
SmallBox,0.39999999999999997,SmallBox,1
Plus,0.39999999999999997,Box,0
X,0.39999999999999997,SmallBox,0
Box,0.39999999999999997,X,0
SmallBox,0.39999999999999997,SmallBox,1
Plus,0.39999999999999997,Plus,1
X,0.39999999999999997,Box,0
Box,0.39999999999999997,Plus,0
SmallBox,0.39999999999999997,SmallBox,1
Plus,0.39999999999999997,Plus,1
X,0.39999999999999997,Box,0
Box,0.39999999999999997,Plus,0
SmallBox,0.39999999999999997,SmallBox,1
Plus,0.39999999999999997,SmallBox,0
X,0.39999999999999997,X,1
Box,0.39999999999999997,Box,1
SmallBox,0.39999999999999997,SmallBox,1
Plus,0.39999999999999997,Box,0
X,0.39999999999999997,Box,0
Box,0.39999999999999997,SmallBox,0
SmallBox,0.39999999999999997,Plus,0
Plus,0.39999999999999997,Plus,1
X,0.39999999999999997,Box,0
Box,0.39999999999999997,Box,1
SmallBox,0.39999999999999997,SmallBox,1
Plus,0.39999999999999997,SmallBox,0
X,0.39999999999999997,Plus,0
Box,0.39999999999999997,Box,1
SmallBox,0.39999999999999997,SmallBox,1
Plus,0.39999999999999997,Plus,1
X,0.39999999999999997,Box,0
Box,0.39999999999999997,Box,1
SmallBox,0.39999999999999997,SmallBox,1
Plus,0.39999999999999997,Box,0
X,0.39999999999999997,Box,0
Box,0.39999999999999997,Box,1
SmallBox,0.39999999999999997,SmallBox,1
Plus,0.39999999999999997,Box,0
X,0.39999999999999997,SmallBox,0
Box,0.39999999999999997,Box,1
SmallBox,0.39999999999999997,SmallBox,1
Plus,0.39999999999999997,Plus,1
X,0.39999999999999997,X,1
Box,0.39999999999999997,Box,1
SmallBox,0.39999999999999997,SmallBox,1
Plus,0.39999999999999997,Plus,1
X,0.39999999999999997,Box,0
Box,0.39999999999999997,Box,1
SmallBox,0.39999999999999997,X,0
Plus,0.39999999999999997,Plus,1
X,0.39999999999999997,Box,0
Box,0.39999999999999997,Box,1
SmallBox,0.39999999999999997,SmallBox,1
Plus,0.39999999999999997,Plus,1
X,0.39999999999999997,X,1
Box,0.39999999999999997,Box,1
SmallBox,0.39999999999999997,SmallBox,1
Plus,0.39999999999999997,Plus,1
X,0.39999999999999997,SmallBox,0
Box,0.39999999999999997,X,0
SmallBox,0.39999999999999997,X,0
Plus,0.39999999999999997,Plus,1
X,0.39999999999999997,Plus,0
Box,0.39999999999999997,X,0
SmallBox,0.39999999999999997,SmallBox,1
Plus,0.44999999999999996,Box,0
X,0.44999999999999996,SmallBox,0
Box,0.44999999999999996,Plus,0
SmallBox,0.44999999999999996,Box,0
Plus,0.44999999999999996,Plus,1
X,0.44999999999999996,Box,0
Box,0.44999999999999996,Plus,0
SmallBox,0.44999999999999996,SmallBox,1
Plus,0.44999999999999996,Plus,1
X,0.44999999999999996,SmallBox,0
Box,0.44999999999999996,SmallBox,0
SmallBox,0.44999999999999996,SmallBox,1
Plus,0.44999999999999996,Box,0
X,0.44999999999999996,SmallBox,0
Box,0.44999999999999996,Box,1
SmallBox,0.44999999999999996,X,0
Plus,0.44999999999999996,Box,0
X,0.44999999999999996,Box,0
Box,0.44999999999999996,Box,1
SmallBox,0.44999999999999996,Plus,0
Plus,0.44999999999999996,Plus,1
X,0.44999999999999996,Box,0
Box,0.44999999999999996,Box,1
SmallBox,0.44999999999999996,SmallBox,1
Plus,0.44999999999999996,SmallBox,0
X,0.44999999999999996,Box,0
Box,0.44999999999999996,SmallBox,0
SmallBox,0.44999999999999996,X,0
Plus,0.44999999999999996,SmallBox,0
X,0.44999999999999996,Plus,0
Box,0.44999999999999996,Box,1
SmallBox,0.44999999999999996,Box,0
Plus,0.44999999999999996,SmallBox,0
X,0.44999999999999996,X,1
Box,0.44999999999999996,SmallBox,0
SmallBox,0.44999999999999996,X,0
Plus,0.44999999999999996,Box,0
X,0.44999999999999996,Box,0
Box,0.44999999999999996,Box,1
SmallBox,0.44999999999999996,SmallBox,1
Plus,0.44999999999999996,X,0
X,0.44999999999999996,X,1
Box,0.44999999999999996,Box,1
SmallBox,0.44999999999999996,Box,0
Plus,0.44999999999999996,Box,0
X,0.44999999999999996,Box,0
Box,0.44999999999999996,Box,1
SmallBox,0.44999999999999996,Box,0
Plus,0.44999999999999996,Box,0
X,0.44999999999999996,Box,0
Box,0.44999999999999996,Box,1
SmallBox,0.44999999999999996,Box,0
Plus,0.44999999999999996,Box,0
X,0.44999999999999996,Box,0
Box,0.44999999999999996,Box,1
SmallBox,0.44999999999999996,SmallBox,1
Plus,0.44999999999999996,Box,0
X,0.44999999999999996,SmallBox,0
Box,0.44999999999999996,Box,1
SmallBox,0.44999999999999996,SmallBox,1
Plus,0.44999999999999996,Plus,1
X,0.44999999999999996,X,1
Box,0.44999999999999996,SmallBox,0
SmallBox,0.44999999999999996,SmallBox,1
Plus,0.44999999999999996,Plus,1
X,0.44999999999999996,Box,0
Box,0.44999999999999996,SmallBox,0
SmallBox,0.44999999999999996,SmallBox,1
Plus,0.44999999999999996,Box,0
X,0.44999999999999996,Box,0
Box,0.44999999999999996,Box,1
SmallBox,0.44999999999999996,SmallBox,1
Plus,0.44999999999999996,X,0
X,0.44999999999999996,Box,0
Box,0.44999999999999996,Box,1
SmallBox,0.44999999999999996,X,0
Plus,0.44999999999999996,Box,0
X,0.44999999999999996,Box,0
Box,0.44999999999999996,Box,1
SmallBox,0.44999999999999996,SmallBox,1
Plus,0.44999999999999996,Box,0
X,0.44999999999999996,Plus,0
Box,0.44999999999999996,Box,1
SmallBox,0.44999999999999996,Box,0
Plus,0.44999999999999996,SmallBox,0
X,0.44999999999999996,X,1
Box,0.44999999999999996,Box,1
SmallBox,0.44999999999999996,X,0
Plus,0.44999999999999996,SmallBox,0
X,0.44999999999999996,Box,0
Box,0.44999999999999996,Box,1
SmallBox,0.44999999999999996,Plus,0
Plus,0.44999999999999996,SmallBox,0
X,0.44999999999999996,SmallBox,0
Box,0.44999999999999996,Plus,0
SmallBox,0.44999999999999996,SmallBox,1
Plus,0.44999999999999996,Plus,1
X,0.44999999999999996,SmallBox,0
Box,0.44999999999999996,Box,1
SmallBox,0.44999999999999996,SmallBox,1
Plus,0.44999999999999996,Box,0
X,0.44999999999999996,Box,0
Box,0.44999999999999996,X,0
SmallBox,0.44999999999999996,SmallBox,1
Plus,0.44999999999999996,Box,0
X,0.44999999999999996,X,1
Box,0.44999999999999996,SmallBox,0
SmallBox,0.44999999999999996,X,0
Plus,0.44999999999999996,Plus,1
X,0.44999999999999996,Box,0
Box,0.44999999999999996,Box,1
SmallBox,0.44999999999999996,Plus,0
Plus,0.44999999999999996,Plus,1
X,0.44999999999999996,Plus,0
Box,0.44999999999999996,Box,1
SmallBox,0.44999999999999996,Box,0
Plus,0.44999999999999996,Box,0
X,0.44999999999999996,X,1
Box,0.44999999999999996,Box,1
SmallBox,0.44999999999999996,Box,0
Plus,0.44999999999999996,Box,0
X,0.44999999999999996,Box,0
Box,0.44999999999999996,Box,1
SmallBox,0.44999999999999996,X,0
Plus,0.44999999999999996,SmallBox,0
X,0.44999999999999996,Box,0
Box,0.44999999999999996,Box,1
SmallBox,0.44999999999999996,X,0
Plus,0.44999999999999996,Box,0
X,0.44999999999999996,X,1
Box,0.44999999999999996,Box,1
SmallBox,0.44999999999999996,SmallBox,1
Plus,0.44999999999999996,Box,0
X,0.44999999999999996,SmallBox,0
Box,0.44999999999999996,Box,1
SmallBox,0.44999999999999996,Plus,0
Plus,0.44999999999999996,SmallBox,0
X,0.44999999999999996,X,1
Box,0.44999999999999996,Box,1
SmallBox,0.44999999999999996,SmallBox,1
Plus,0.44999999999999996,Box,0
X,0.44999999999999996,Box,0
Box,0.44999999999999996,Box,1
SmallBox,0.44999999999999996,X,0
Plus,0.44999999999999996,Box,0
X,0.44999999999999996,Box,0
Box,0.44999999999999996,Box,1
SmallBox,0.44999999999999996,X,0
Plus,0.44999999999999996,Box,0
X,0.44999999999999996,Plus,0
Box,0.44999999999999996,Box,1
SmallBox,0.44999999999999996,Plus,0
Plus,0.44999999999999996,Plus,1
X,0.44999999999999996,SmallBox,0
Box,0.44999999999999996,SmallBox,0
SmallBox,0.44999999999999996,SmallBox,1
Plus,0.44999999999999996,Box,0
X,0.44999999999999996,X,1
Box,0.44999999999999996,Box,1
SmallBox,0.44999999999999996,Box,0
Plus,0.44999999999999996,Box,0
X,0.44999999999999996,Box,0
Box,0.44999999999999996,Box,1
SmallBox,0.44999999999999996,X,0
Plus,0.44999999999999996,Box,0
X,0.44999999999999996,Plus,0
Box,0.44999999999999996,Box,1
SmallBox,0.44999999999999996,Box,0
Plus,0.44999999999999996,X,0
X,0.44999999999999996,X,1
Box,0.44999999999999996,Box,1
SmallBox,0.44999999999999996,X,0
Plus,0.44999999999999996,Plus,1
X,0.44999999999999996,Box,0
Box,0.44999999999999996,X,0
SmallBox,0.44999999999999996,X,0
Plus,0.44999999999999996,Box,0
X,0.44999999999999996,X,1
Box,0.44999999999999996,Box,1
SmallBox,0.44999999999999996,X,0
Plus,0.44999999999999996,Plus,1
X,0.44999999999999996,SmallBox,0
Box,0.44999999999999996,X,0
SmallBox,0.44999999999999996,X,0
Plus,0.44999999999999996,SmallBox,0
X,0.44999999999999996,Box,0
Box,0.44999999999999996,Plus,0
SmallBox,0.44999999999999996,SmallBox,1
Plus,0.44999999999999996,SmallBox,0
X,0.44999999999999996,X,1
Box,0.44999999999999996,Plus,0
SmallBox,0.44999999999999996,SmallBox,1
Plus,0.44999999999999996,Box,0
X,0.44999999999999996,Box,0
Box,0.44999999999999996,Box,1
SmallBox,0.44999999999999996,SmallBox,1
Plus,0.44999999999999996,Box,0
X,0.44999999999999996,SmallBox,0
Box,0.44999999999999996,Box,1
SmallBox,0.44999999999999996,Plus,0
Plus,0.44999999999999996,SmallBox,0
X,0.44999999999999996,SmallBox,0
Box,0.44999999999999996,Box,1
SmallBox,0.44999999999999996,SmallBox,1
Plus,0.44999999999999996,SmallBox,0
X,0.44999999999999996,X,1
Box,0.44999999999999996,Box,1
SmallBox,0.44999999999999996,X,0
Plus,0.44999999999999996,Box,0
X,0.44999999999999996,Box,0
Box,0.44999999999999996,Box,1
SmallBox,0.44999999999999996,X,0
Plus,0.44999999999999996,Box,0
X,0.44999999999999996,Plus,0
Box,0.44999999999999996,Box,1
SmallBox,0.44999999999999996,X,0
Plus,0.44999999999999996,Plus,1
X,0.44999999999999996,Box,0
Box,0.44999999999999996,Box,1
SmallBox,0.44999999999999996,Plus,0
Plus,0.44999999999999996,Box,0
X,0.44999999999999996,X,1
Box,0.44999999999999996,Box,1
SmallBox,0.44999999999999996,Box,0
Plus,0.44999999999999996,Box,0
X,0.44999999999999996,Box,0
Box,0.44999999999999996,Box,1
SmallBox,0.44999999999999996,SmallBox,1
Plus,0.44999999999999996,SmallBox,0
X,0.44999999999999996,SmallBox,0
Box,0.44999999999999996,Box,1
SmallBox,0.44999999999999996,Box,0
Plus,0.44999999999999996,Box,0
X,0.44999999999999996,Plus,0
Box,0.44999999999999996,SmallBox,0
SmallBox,0.44999999999999996,X,0
Plus,0.44999999999999996,Plus,1
X,0.44999999999999996,X,1
Box,0.44999999999999996,Box,1
SmallBox,0.44999999999999996,Plus,0
Plus,0.44999999999999996,SmallBox,0
X,0.44999999999999996,SmallBox,0
Box,0.44999999999999996,X,0
SmallBox,0.44999999999999996,SmallBox,1
Plus,0.44999999999999996,X,0
X,0.44999999999999996,Box,0
Box,0.44999999999999996,Box,1
SmallBox,0.44999999999999996,X,0
Plus,0.44999999999999996,Plus,1
X,0.44999999999999996,SmallBox,0
Box,0.44999999999999996,Box,1
SmallBox,0.44999999999999996,Plus,0
Plus,0.44999999999999996,SmallBox,0
X,0.44999999999999996,SmallBox,0
Box,0.44999999999999996,SmallBox,0
SmallBox,0.44999999999999996,Box,0
Plus,0.44999999999999996,Box,0
X,0.44999999999999996,Box,0
Box,0.44999999999999996,Box,1
SmallBox,0.44999999999999996,X,0
Plus,0.44999999999999996,SmallBox,0
X,0.44999999999999996,Box,0
Box,0.44999999999999996,X,0
SmallBox,0.44999999999999996,SmallBox,1
Plus,0.44999999999999996,X,0
X,0.44999999999999996,SmallBox,0
Box,0.44999999999999996,Box,1
SmallBox,0.44999999999999996,X,0
Plus,0.44999999999999996,SmallBox,0
X,0.44999999999999996,Box,0
Box,0.44999999999999996,Plus,0
SmallBox,0.44999999999999996,Box,0
Plus,0.44999999999999996,SmallBox,0
X,0.44999999999999996,Box,0
Box,0.44999999999999996,Box,1
SmallBox,0.44999999999999996,SmallBox,1
Plus,0.44999999999999996,Box,0
X,0.44999999999999996,X,1
Box,0.44999999999999996,Box,1
SmallBox,0.44999999999999996,SmallBox,1
Plus,0.44999999999999996,Plus,1
X,0.44999999999999996,Box,0
Box,0.44999999999999996,Box,1
SmallBox,0.44999999999999996,Box,0
Plus,0.44999999999999996,SmallBox,0
X,0.44999999999999996,Box,0
Box,0.44999999999999996,Plus,0
SmallBox,0.44999999999999996,Box,0
Plus,0.44999999999999996,Box,0
X,0.44999999999999996,Box,0
Box,0.44999999999999996,Box,1
SmallBox,0.44999999999999996,Box,0
Plus,0.44999999999999996,Plus,1
X,0.44999999999999996,SmallBox,0
Box,0.44999999999999996,Box,1
SmallBox,0.44999999999999996,Plus,0
Plus,0.44999999999999996,Box,0
X,0.44999999999999996,SmallBox,0
Box,0.44999999999999996,Plus,0
SmallBox,0.44999999999999996,SmallBox,1
Plus,0.44999999999999996,Plus,1
X,0.44999999999999996,X,1
Box,0.44999999999999996,Plus,0
SmallBox,0.44999999999999996,Plus,0
Plus,0.44999999999999996,SmallBox,0
X,0.44999999999999996,X,1
Box,0.44999999999999996,Box,1
SmallBox,0.44999999999999996,SmallBox,1
Plus,0.44999999999999996,Box,0
X,0.44999999999999996,Box,0
Box,0.44999999999999996,Box,1
SmallBox,0.44999999999999996,SmallBox,1
Plus,0.44999999999999996,Plus,1
X,0.44999999999999996,Box,0
Box,0.44999999999999996,Box,1
SmallBox,0.44999999999999996,Plus,0
Plus,0.44999999999999996,Box,0
X,0.44999999999999996,Box,0
Box,0.44999999999999996,Box,1
SmallBox,0.44999999999999996,Plus,0
Plus,0.44999999999999996,Plus,1
X,0.44999999999999996,X,1
Box,0.44999999999999996,SmallBox,0
SmallBox,0.44999999999999996,Box,0
Plus,0.44999999999999996,Box,0
X,0.44999999999999996,SmallBox,0
Box,0.44999999999999996,Box,1
SmallBox,0.44999999999999996,SmallBox,1
Plus,0.44999999999999996,Box,0
X,0.44999999999999996,Box,0
Box,0.44999999999999996,Box,1
SmallBox,0.44999999999999996,Plus,0
Plus,0.44999999999999996,Box,0
X,0.44999999999999996,Plus,0
Box,0.44999999999999996,Box,1
SmallBox,0.44999999999999996,SmallBox,1
Plus,0.44999999999999996,Box,0
X,0.44999999999999996,Box,0
Box,0.44999999999999996,Box,1
SmallBox,0.44999999999999996,SmallBox,1
Plus,0.44999999999999996,X,0
X,0.44999999999999996,Plus,0
Box,0.44999999999999996,Box,1
SmallBox,0.44999999999999996,X,0
Plus,0.44999999999999996,X,0
X,0.44999999999999996,SmallBox,0
Box,0.44999999999999996,Plus,0
SmallBox,0.44999999999999996,SmallBox,1
Plus,0.44999999999999996,X,0
X,0.44999999999999996,Box,0
Box,0.44999999999999996,X,0
SmallBox,0.44999999999999996,Box,0
Plus,0.44999999999999996,Box,0
X,0.44999999999999996,X,1
Box,0.44999999999999996,SmallBox,0
SmallBox,0.44999999999999996,SmallBox,1
Plus,0.44999999999999996,Box,0
X,0.44999999999999996,X,1
Box,0.44999999999999996,Box,1
SmallBox,0.44999999999999996,SmallBox,1
Plus,0.44999999999999996,X,0
X,0.44999999999999996,X,1
Box,0.44999999999999996,Box,1
SmallBox,0.44999999999999996,Plus,0
Plus,0.44999999999999996,X,0
X,0.44999999999999996,Box,0
Box,0.44999999999999996,Box,1
SmallBox,0.44999999999999996,Plus,0
Plus,0.44999999999999996,Box,0
X,0.44999999999999996,X,1
Box,0.44999999999999996,Box,1
SmallBox,0.44999999999999996,Box,0
Plus,0.44999999999999996,Box,0
X,0.44999999999999996,X,1
Box,0.44999999999999996,Box,1
SmallBox,0.44999999999999996,Box,0
Plus,0.44999999999999996,Plus,1
X,0.44999999999999996,Box,0
Box,0.44999999999999996,Box,1
SmallBox,0.44999999999999996,X,0
Plus,0.44999999999999996,Box,0
X,0.44999999999999996,SmallBox,0
Box,0.44999999999999996,X,0
SmallBox,0.44999999999999996,Plus,0
Plus,0.44999999999999996,SmallBox,0
X,0.44999999999999996,SmallBox,0
Box,0.44999999999999996,Box,1
SmallBox,0.44999999999999996,Box,0
Plus,0.44999999999999996,SmallBox,0
X,0.44999999999999996,X,1
Box,0.44999999999999996,Box,1
SmallBox,0.44999999999999996,X,0
Plus,0.44999999999999996,Box,0
X,0.44999999999999996,Plus,0
Box,0.44999999999999996,Box,1
SmallBox,0.44999999999999996,Box,0
Plus,0.44999999999999996,X,0
X,0.44999999999999996,X,1
Box,0.44999999999999996,Box,1
SmallBox,0.44999999999999996,Plus,0
